movement_id,movement_date,sku,warehouse_id,movement_type,quantity,reference_id,notes
MOV00000001,2026-04-01,SKU01001,WH001,receipt,141,PO_INIT_WH001,Initial stock-up
MOV00000002,2026-04-01,SKU01001,WH002,receipt,138,PO_INIT_WH002,Initial stock-up
MOV00000003,2026-04-01,SKU01001,WH003,receipt,50,PO_INIT_WH003,Initial stock-up
MOV00000004,2026-04-01,SKU01001,WH004,receipt,175,PO_INIT_WH004,Initial stock-up
MOV00000005,2026-04-01,SKU01002,WH001,receipt,138,PO_INIT_WH001,Initial stock-up
MOV00000006,2026-04-01,SKU01002,WH002,receipt,185,PO_INIT_WH002,Initial stock-up
MOV00000007,2026-04-01,SKU01002,WH003,receipt,158,PO_INIT_WH003,Initial stock-up
MOV00000008,2026-04-01,SKU01002,WH004,receipt,196,PO_INIT_WH004,Initial stock-up
MOV00000009,2026-04-01,SKU01003,WH001,receipt,198,PO_INIT_WH001,Initial stock-up
MOV00000010,2026-04-01,SKU01003,WH002,receipt,92,PO_INIT_WH002,Initial stock-up
MOV00000011,2026-04-01,SKU01003,WH003,receipt,91,PO_INIT_WH003,Initial stock-up
MOV00000012,2026-04-01,SKU01003,WH004,receipt,81,PO_INIT_WH004,Initial stock-up
MOV00000013,2026-04-01,SKU01004,WH001,receipt,159,PO_INIT_WH001,Initial stock-up
MOV00000014,2026-04-01,SKU01004,WH002,receipt,134,PO_INIT_WH002,Initial stock-up
MOV00000015,2026-04-01,SKU01004,WH003,receipt,144,PO_INIT_WH003,Initial stock-up
MOV00000016,2026-04-01,SKU01004,WH004,receipt,196,PO_INIT_WH004,Initial stock-up
MOV00000017,2026-04-01,SKU01005,WH001,receipt,85,PO_INIT_WH001,Initial stock-up
MOV00000018,2026-04-01,SKU01005,WH002,receipt,113,PO_INIT_WH002,Initial stock-up
MOV00000019,2026-04-01,SKU01005,WH003,receipt,74,PO_INIT_WH003,Initial stock-up
MOV00000020,2026-04-01,SKU01005,WH004,receipt,178,PO_INIT_WH004,Initial stock-up
MOV00000021,2026-04-01,SKU01006,WH001,receipt,181,PO_INIT_WH001,Initial stock-up
MOV00000022,2026-04-01,SKU01006,WH002,receipt,62,PO_INIT_WH002,Initial stock-up
MOV00000023,2026-04-01,SKU01006,WH003,receipt,66,PO_INIT_WH003,Initial stock-up
MOV00000024,2026-04-01,SKU01006,WH004,receipt,125,PO_INIT_WH004,Initial stock-up
MOV00000025,2026-04-01,SKU01007,WH001,receipt,124,PO_INIT_WH001,Initial stock-up
MOV00000026,2026-04-01,SKU01007,WH002,receipt,192,PO_INIT_WH002,Initial stock-up
MOV00000027,2026-04-01,SKU01007,WH003,receipt,68,PO_INIT_WH003,Initial stock-up
MOV00000028,2026-04-01,SKU01007,WH004,receipt,180,PO_INIT_WH004,Initial stock-up
MOV00000029,2026-04-01,SKU01008,WH001,receipt,120,PO_INIT_WH001,Initial stock-up
MOV00000030,2026-04-01,SKU01008,WH002,receipt,197,PO_INIT_WH002,Initial stock-up
MOV00000031,2026-04-01,SKU01008,WH003,receipt,139,PO_INIT_WH003,Initial stock-up
MOV00000032,2026-04-01,SKU01008,WH004,receipt,54,PO_INIT_WH004,Initial stock-up
MOV00000033,2026-04-01,SKU01009,WH001,receipt,66,PO_INIT_WH001,Initial stock-up
MOV00000034,2026-04-01,SKU01009,WH002,receipt,72,PO_INIT_WH002,Initial stock-up
MOV00000035,2026-04-01,SKU01009,WH003,receipt,102,PO_INIT_WH003,Initial stock-up
MOV00000036,2026-04-01,SKU01009,WH004,receipt,146,PO_INIT_WH004,Initial stock-up
MOV00000037,2026-04-01,SKU01010,WH001,receipt,127,PO_INIT_WH001,Initial stock-up
MOV00000038,2026-04-01,SKU01010,WH002,receipt,58,PO_INIT_WH002,Initial stock-up
MOV00000039,2026-04-01,SKU01010,WH003,receipt,200,PO_INIT_WH003,Initial stock-up
MOV00000040,2026-04-01,SKU01010,WH004,receipt,94,PO_INIT_WH004,Initial stock-up
MOV00000041,2026-04-01,SKU01011,WH001,receipt,62,PO_INIT_WH001,Initial stock-up
MOV00000042,2026-04-01,SKU01011,WH002,receipt,173,PO_INIT_WH002,Initial stock-up
MOV00000043,2026-04-01,SKU01011,WH003,receipt,163,PO_INIT_WH003,Initial stock-up
MOV00000044,2026-04-01,SKU01011,WH004,receipt,63,PO_INIT_WH004,Initial stock-up
MOV00000045,2026-04-01,SKU01012,WH001,receipt,119,PO_INIT_WH001,Initial stock-up
MOV00000046,2026-04-01,SKU01012,WH002,receipt,100,PO_INIT_WH002,Initial stock-up
MOV00000047,2026-04-01,SKU01012,WH003,receipt,151,PO_INIT_WH003,Initial stock-up
MOV00000048,2026-04-01,SKU01012,WH004,receipt,110,PO_INIT_WH004,Initial stock-up
MOV00000049,2026-04-01,SKU01013,WH001,receipt,154,PO_INIT_WH001,Initial stock-up
MOV00000050,2026-04-01,SKU01013,WH002,receipt,98,PO_INIT_WH002,Initial stock-up
MOV00000051,2026-04-01,SKU01013,WH003,receipt,121,PO_INIT_WH003,Initial stock-up
MOV00000052,2026-04-01,SKU01013,WH004,receipt,86,PO_INIT_WH004,Initial stock-up
MOV00000053,2026-04-01,SKU01014,WH001,receipt,183,PO_INIT_WH001,Initial stock-up
MOV00000054,2026-04-01,SKU01014,WH002,receipt,133,PO_INIT_WH002,Initial stock-up
MOV00000055,2026-04-01,SKU01014,WH003,receipt,166,PO_INIT_WH003,Initial stock-up
MOV00000056,2026-04-01,SKU01014,WH004,receipt,159,PO_INIT_WH004,Initial stock-up
MOV00000057,2026-04-01,SKU01015,WH001,receipt,111,PO_INIT_WH001,Initial stock-up
MOV00000058,2026-04-01,SKU01015,WH002,receipt,144,PO_INIT_WH002,Initial stock-up
MOV00000059,2026-04-01,SKU01015,WH003,receipt,200,PO_INIT_WH003,Initial stock-up
MOV00000060,2026-04-01,SKU01015,WH004,receipt,152,PO_INIT_WH004,Initial stock-up
MOV00000061,2026-04-01,SKU01016,WH001,receipt,88,PO_INIT_WH001,Initial stock-up
MOV00000062,2026-04-01,SKU01016,WH002,receipt,72,PO_INIT_WH002,Initial stock-up
MOV00000063,2026-04-01,SKU01016,WH003,receipt,56,PO_INIT_WH003,Initial stock-up
MOV00000064,2026-04-01,SKU01016,WH004,receipt,118,PO_INIT_WH004,Initial stock-up
MOV00000065,2026-04-01,SKU01017,WH001,receipt,160,PO_INIT_WH001,Initial stock-up
MOV00000066,2026-04-01,SKU01017,WH002,receipt,103,PO_INIT_WH002,Initial stock-up
MOV00000067,2026-04-01,SKU01017,WH003,receipt,63,PO_INIT_WH003,Initial stock-up
MOV00000068,2026-04-01,SKU01017,WH004,receipt,116,PO_INIT_WH004,Initial stock-up
MOV00000069,2026-04-01,SKU01018,WH001,receipt,194,PO_INIT_WH001,Initial stock-up
MOV00000070,2026-04-01,SKU01018,WH002,receipt,145,PO_INIT_WH002,Initial stock-up
MOV00000071,2026-04-01,SKU01018,WH003,receipt,80,PO_INIT_WH003,Initial stock-up
MOV00000072,2026-04-01,SKU01018,WH004,receipt,180,PO_INIT_WH004,Initial stock-up
MOV00000073,2026-04-01,SKU01019,WH001,receipt,67,PO_INIT_WH001,Initial stock-up
MOV00000074,2026-04-01,SKU01019,WH002,receipt,145,PO_INIT_WH002,Initial stock-up
MOV00000075,2026-04-01,SKU01019,WH003,receipt,57,PO_INIT_WH003,Initial stock-up
MOV00000076,2026-04-01,SKU01019,WH004,receipt,95,PO_INIT_WH004,Initial stock-up
MOV00000077,2026-04-01,SKU01020,WH001,receipt,99,PO_INIT_WH001,Initial stock-up
MOV00000078,2026-04-01,SKU01020,WH002,receipt,140,PO_INIT_WH002,Initial stock-up
MOV00000079,2026-04-01,SKU01020,WH003,receipt,182,PO_INIT_WH003,Initial stock-up
MOV00000080,2026-04-01,SKU01020,WH004,receipt,93,PO_INIT_WH004,Initial stock-up
MOV00000081,2026-04-01,SKU01021,WH001,receipt,191,PO_INIT_WH001,Initial stock-up
MOV00000082,2026-04-01,SKU01021,WH002,receipt,142,PO_INIT_WH002,Initial stock-up
MOV00000083,2026-04-01,SKU01021,WH003,receipt,197,PO_INIT_WH003,Initial stock-up
MOV00000084,2026-04-01,SKU01021,WH004,receipt,152,PO_INIT_WH004,Initial stock-up
MOV00000085,2026-04-01,SKU01022,WH001,receipt,72,PO_INIT_WH001,Initial stock-up
MOV00000086,2026-04-01,SKU01022,WH002,receipt,172,PO_INIT_WH002,Initial stock-up
MOV00000087,2026-04-01,SKU01022,WH003,receipt,176,PO_INIT_WH003,Initial stock-up
MOV00000088,2026-04-01,SKU01022,WH004,receipt,181,PO_INIT_WH004,Initial stock-up
MOV00000089,2026-04-01,SKU01023,WH001,receipt,147,PO_INIT_WH001,Initial stock-up
MOV00000090,2026-04-01,SKU01023,WH002,receipt,54,PO_INIT_WH002,Initial stock-up
MOV00000091,2026-04-01,SKU01023,WH003,receipt,124,PO_INIT_WH003,Initial stock-up
MOV00000092,2026-04-01,SKU01023,WH004,receipt,99,PO_INIT_WH004,Initial stock-up
MOV00000093,2026-04-01,SKU01024,WH001,receipt,97,PO_INIT_WH001,Initial stock-up
MOV00000094,2026-04-01,SKU01024,WH002,receipt,163,PO_INIT_WH002,Initial stock-up
MOV00000095,2026-04-01,SKU01024,WH003,receipt,51,PO_INIT_WH003,Initial stock-up
MOV00000096,2026-04-01,SKU01024,WH004,receipt,192,PO_INIT_WH004,Initial stock-up
MOV00000097,2026-04-01,SKU01025,WH001,receipt,73,PO_INIT_WH001,Initial stock-up
MOV00000098,2026-04-01,SKU01025,WH002,receipt,98,PO_INIT_WH002,Initial stock-up
MOV00000099,2026-04-01,SKU01025,WH003,receipt,88,PO_INIT_WH003,Initial stock-up
MOV00000100,2026-04-01,SKU01025,WH004,receipt,61,PO_INIT_WH004,Initial stock-up
MOV00000101,2026-04-01,SKU01026,WH001,receipt,81,PO_INIT_WH001,Initial stock-up
MOV00000102,2026-04-01,SKU01026,WH002,receipt,65,PO_INIT_WH002,Initial stock-up
MOV00000103,2026-04-01,SKU01026,WH003,receipt,175,PO_INIT_WH003,Initial stock-up
MOV00000104,2026-04-01,SKU01026,WH004,receipt,168,PO_INIT_WH004,Initial stock-up
MOV00000105,2026-04-01,SKU01027,WH001,receipt,129,PO_INIT_WH001,Initial stock-up
MOV00000106,2026-04-01,SKU01027,WH002,receipt,142,PO_INIT_WH002,Initial stock-up
MOV00000107,2026-04-01,SKU01027,WH003,receipt,187,PO_INIT_WH003,Initial stock-up
MOV00000108,2026-04-01,SKU01027,WH004,receipt,151,PO_INIT_WH004,Initial stock-up
MOV00000109,2026-04-01,SKU01028,WH001,receipt,164,PO_INIT_WH001,Initial stock-up
MOV00000110,2026-04-01,SKU01028,WH002,receipt,153,PO_INIT_WH002,Initial stock-up
MOV00000111,2026-04-01,SKU01028,WH003,receipt,137,PO_INIT_WH003,Initial stock-up
MOV00000112,2026-04-01,SKU01028,WH004,receipt,183,PO_INIT_WH004,Initial stock-up
MOV00000113,2026-04-01,SKU01029,WH001,receipt,196,PO_INIT_WH001,Initial stock-up
MOV00000114,2026-04-01,SKU01029,WH002,receipt,148,PO_INIT_WH002,Initial stock-up
MOV00000115,2026-04-01,SKU01029,WH003,receipt,124,PO_INIT_WH003,Initial stock-up
MOV00000116,2026-04-01,SKU01029,WH004,receipt,178,PO_INIT_WH004,Initial stock-up
MOV00000117,2026-04-01,SKU01030,WH001,receipt,89,PO_INIT_WH001,Initial stock-up
MOV00000118,2026-04-01,SKU01030,WH002,receipt,102,PO_INIT_WH002,Initial stock-up
MOV00000119,2026-04-01,SKU01030,WH003,receipt,167,PO_INIT_WH003,Initial stock-up
MOV00000120,2026-04-01,SKU01030,WH004,receipt,134,PO_INIT_WH004,Initial stock-up
MOV00000121,2026-04-01,SKU01031,WH001,receipt,136,PO_INIT_WH001,Initial stock-up
MOV00000122,2026-04-01,SKU01031,WH002,receipt,129,PO_INIT_WH002,Initial stock-up
MOV00000123,2026-04-01,SKU01031,WH003,receipt,85,PO_INIT_WH003,Initial stock-up
MOV00000124,2026-04-01,SKU01031,WH004,receipt,181,PO_INIT_WH004,Initial stock-up
MOV00000125,2026-04-01,SKU01032,WH001,receipt,105,PO_INIT_WH001,Initial stock-up
MOV00000126,2026-04-01,SKU01032,WH002,receipt,125,PO_INIT_WH002,Initial stock-up
MOV00000127,2026-04-01,SKU01032,WH003,receipt,198,PO_INIT_WH003,Initial stock-up
MOV00000128,2026-04-01,SKU01032,WH004,receipt,81,PO_INIT_WH004,Initial stock-up
MOV00000129,2026-04-01,SKU01033,WH001,receipt,51,PO_INIT_WH001,Initial stock-up
MOV00000130,2026-04-01,SKU01033,WH002,receipt,98,PO_INIT_WH002,Initial stock-up
MOV00000131,2026-04-01,SKU01033,WH003,receipt,96,PO_INIT_WH003,Initial stock-up
MOV00000132,2026-04-01,SKU01033,WH004,receipt,138,PO_INIT_WH004,Initial stock-up
MOV00000133,2026-04-01,SKU01034,WH001,receipt,98,PO_INIT_WH001,Initial stock-up
MOV00000134,2026-04-01,SKU01034,WH002,receipt,114,PO_INIT_WH002,Initial stock-up
MOV00000135,2026-04-01,SKU01034,WH003,receipt,195,PO_INIT_WH003,Initial stock-up
MOV00000136,2026-04-01,SKU01034,WH004,receipt,136,PO_INIT_WH004,Initial stock-up
MOV00000137,2026-04-01,SKU01035,WH001,receipt,117,PO_INIT_WH001,Initial stock-up
MOV00000138,2026-04-01,SKU01035,WH002,receipt,98,PO_INIT_WH002,Initial stock-up
MOV00000139,2026-04-01,SKU01035,WH003,receipt,139,PO_INIT_WH003,Initial stock-up
MOV00000140,2026-04-01,SKU01035,WH004,receipt,198,PO_INIT_WH004,Initial stock-up
MOV00000141,2026-04-01,SKU01036,WH001,receipt,113,PO_INIT_WH001,Initial stock-up
MOV00000142,2026-04-01,SKU01036,WH002,receipt,131,PO_INIT_WH002,Initial stock-up
MOV00000143,2026-04-01,SKU01036,WH003,receipt,137,PO_INIT_WH003,Initial stock-up
MOV00000144,2026-04-01,SKU01036,WH004,receipt,77,PO_INIT_WH004,Initial stock-up
MOV00000145,2026-04-01,SKU01037,WH001,receipt,119,PO_INIT_WH001,Initial stock-up
MOV00000146,2026-04-01,SKU01037,WH002,receipt,116,PO_INIT_WH002,Initial stock-up
MOV00000147,2026-04-01,SKU01037,WH003,receipt,157,PO_INIT_WH003,Initial stock-up
MOV00000148,2026-04-01,SKU01037,WH004,receipt,127,PO_INIT_WH004,Initial stock-up
MOV00000149,2026-04-01,SKU01038,WH001,receipt,191,PO_INIT_WH001,Initial stock-up
MOV00000150,2026-04-01,SKU01038,WH002,receipt,134,PO_INIT_WH002,Initial stock-up
MOV00000151,2026-04-01,SKU01038,WH003,receipt,100,PO_INIT_WH003,Initial stock-up
MOV00000152,2026-04-01,SKU01038,WH004,receipt,99,PO_INIT_WH004,Initial stock-up
MOV00000153,2026-04-01,SKU01039,WH001,receipt,100,PO_INIT_WH001,Initial stock-up
MOV00000154,2026-04-01,SKU01039,WH002,receipt,99,PO_INIT_WH002,Initial stock-up
MOV00000155,2026-04-01,SKU01039,WH003,receipt,73,PO_INIT_WH003,Initial stock-up
MOV00000156,2026-04-01,SKU01039,WH004,receipt,76,PO_INIT_WH004,Initial stock-up
MOV00000157,2026-04-01,SKU01040,WH001,receipt,55,PO_INIT_WH001,Initial stock-up
MOV00000158,2026-04-01,SKU01040,WH002,receipt,81,PO_INIT_WH002,Initial stock-up
MOV00000159,2026-04-01,SKU01040,WH003,receipt,87,PO_INIT_WH003,Initial stock-up
MOV00000160,2026-04-01,SKU01040,WH004,receipt,76,PO_INIT_WH004,Initial stock-up
MOV00000161,2026-04-01,SKU01041,WH001,receipt,150,PO_INIT_WH001,Initial stock-up
MOV00000162,2026-04-01,SKU01041,WH002,receipt,62,PO_INIT_WH002,Initial stock-up
MOV00000163,2026-04-01,SKU01041,WH003,receipt,81,PO_INIT_WH003,Initial stock-up
MOV00000164,2026-04-01,SKU01041,WH004,receipt,76,PO_INIT_WH004,Initial stock-up
MOV00000165,2026-04-01,SKU01042,WH001,receipt,180,PO_INIT_WH001,Initial stock-up
MOV00000166,2026-04-01,SKU01042,WH002,receipt,103,PO_INIT_WH002,Initial stock-up
MOV00000167,2026-04-01,SKU01042,WH003,receipt,120,PO_INIT_WH003,Initial stock-up
MOV00000168,2026-04-01,SKU01042,WH004,receipt,144,PO_INIT_WH004,Initial stock-up
MOV00000169,2026-04-01,SKU01043,WH001,receipt,129,PO_INIT_WH001,Initial stock-up
MOV00000170,2026-04-01,SKU01043,WH002,receipt,156,PO_INIT_WH002,Initial stock-up
MOV00000171,2026-04-01,SKU01043,WH003,receipt,70,PO_INIT_WH003,Initial stock-up
MOV00000172,2026-04-01,SKU01043,WH004,receipt,135,PO_INIT_WH004,Initial stock-up
MOV00000173,2026-04-01,SKU01044,WH001,receipt,65,PO_INIT_WH001,Initial stock-up
MOV00000174,2026-04-01,SKU01044,WH002,receipt,76,PO_INIT_WH002,Initial stock-up
MOV00000175,2026-04-01,SKU01044,WH003,receipt,155,PO_INIT_WH003,Initial stock-up
MOV00000176,2026-04-01,SKU01044,WH004,receipt,143,PO_INIT_WH004,Initial stock-up
MOV00000177,2026-04-01,SKU01045,WH001,receipt,136,PO_INIT_WH001,Initial stock-up
MOV00000178,2026-04-01,SKU01045,WH002,receipt,167,PO_INIT_WH002,Initial stock-up
MOV00000179,2026-04-01,SKU01045,WH003,receipt,134,PO_INIT_WH003,Initial stock-up
MOV00000180,2026-04-01,SKU01045,WH004,receipt,79,PO_INIT_WH004,Initial stock-up
MOV00000181,2026-04-01,SKU01046,WH001,receipt,160,PO_INIT_WH001,Initial stock-up
MOV00000182,2026-04-01,SKU01046,WH002,receipt,76,PO_INIT_WH002,Initial stock-up
MOV00000183,2026-04-01,SKU01046,WH003,receipt,101,PO_INIT_WH003,Initial stock-up
MOV00000184,2026-04-01,SKU01046,WH004,receipt,140,PO_INIT_WH004,Initial stock-up
MOV00000185,2026-04-01,SKU01047,WH001,receipt,74,PO_INIT_WH001,Initial stock-up
MOV00000186,2026-04-01,SKU01047,WH002,receipt,101,PO_INIT_WH002,Initial stock-up
MOV00000187,2026-04-01,SKU01047,WH003,receipt,87,PO_INIT_WH003,Initial stock-up
MOV00000188,2026-04-01,SKU01047,WH004,receipt,84,PO_INIT_WH004,Initial stock-up
MOV00000189,2026-04-01,SKU01048,WH001,receipt,100,PO_INIT_WH001,Initial stock-up
MOV00000190,2026-04-01,SKU01048,WH002,receipt,69,PO_INIT_WH002,Initial stock-up
MOV00000191,2026-04-01,SKU01048,WH003,receipt,157,PO_INIT_WH003,Initial stock-up
MOV00000192,2026-04-01,SKU01048,WH004,receipt,199,PO_INIT_WH004,Initial stock-up
MOV00000193,2026-04-01,SKU01049,WH001,receipt,111,PO_INIT_WH001,Initial stock-up
MOV00000194,2026-04-01,SKU01049,WH002,receipt,104,PO_INIT_WH002,Initial stock-up
MOV00000195,2026-04-01,SKU01049,WH003,receipt,159,PO_INIT_WH003,Initial stock-up
MOV00000196,2026-04-01,SKU01049,WH004,receipt,176,PO_INIT_WH004,Initial stock-up
MOV00000197,2026-04-01,SKU01050,WH001,receipt,95,PO_INIT_WH001,Initial stock-up
MOV00000198,2026-04-01,SKU01050,WH002,receipt,54,PO_INIT_WH002,Initial stock-up
MOV00000199,2026-04-01,SKU01050,WH003,receipt,135,PO_INIT_WH003,Initial stock-up
MOV00000200,2026-04-01,SKU01050,WH004,receipt,154,PO_INIT_WH004,Initial stock-up
MOV00000201,2026-04-01,SKU01051,WH001,receipt,99,PO_INIT_WH001,Initial stock-up
MOV00000202,2026-04-01,SKU01051,WH002,receipt,87,PO_INIT_WH002,Initial stock-up
MOV00000203,2026-04-01,SKU01051,WH003,receipt,180,PO_INIT_WH003,Initial stock-up
MOV00000204,2026-04-01,SKU01051,WH004,receipt,80,PO_INIT_WH004,Initial stock-up
MOV00000205,2026-04-01,SKU01052,WH001,receipt,171,PO_INIT_WH001,Initial stock-up
MOV00000206,2026-04-01,SKU01052,WH002,receipt,83,PO_INIT_WH002,Initial stock-up
MOV00000207,2026-04-01,SKU01052,WH003,receipt,52,PO_INIT_WH003,Initial stock-up
MOV00000208,2026-04-01,SKU01052,WH004,receipt,74,PO_INIT_WH004,Initial stock-up
MOV00000209,2026-04-01,SKU01053,WH001,receipt,115,PO_INIT_WH001,Initial stock-up
MOV00000210,2026-04-01,SKU01053,WH002,receipt,71,PO_INIT_WH002,Initial stock-up
MOV00000211,2026-04-01,SKU01053,WH003,receipt,179,PO_INIT_WH003,Initial stock-up
MOV00000212,2026-04-01,SKU01053,WH004,receipt,119,PO_INIT_WH004,Initial stock-up
MOV00000213,2026-04-01,SKU01054,WH001,receipt,121,PO_INIT_WH001,Initial stock-up
MOV00000214,2026-04-01,SKU01054,WH002,receipt,85,PO_INIT_WH002,Initial stock-up
MOV00000215,2026-04-01,SKU01054,WH003,receipt,150,PO_INIT_WH003,Initial stock-up
MOV00000216,2026-04-01,SKU01054,WH004,receipt,157,PO_INIT_WH004,Initial stock-up
MOV00000217,2026-04-01,SKU01055,WH001,receipt,169,PO_INIT_WH001,Initial stock-up
MOV00000218,2026-04-01,SKU01055,WH002,receipt,112,PO_INIT_WH002,Initial stock-up
MOV00000219,2026-04-01,SKU01055,WH003,receipt,105,PO_INIT_WH003,Initial stock-up
MOV00000220,2026-04-01,SKU01055,WH004,receipt,140,PO_INIT_WH004,Initial stock-up
MOV00000221,2026-04-01,SKU01056,WH001,receipt,100,PO_INIT_WH001,Initial stock-up
MOV00000222,2026-04-01,SKU01056,WH002,receipt,190,PO_INIT_WH002,Initial stock-up
MOV00000223,2026-04-01,SKU01056,WH003,receipt,131,PO_INIT_WH003,Initial stock-up
MOV00000224,2026-04-01,SKU01056,WH004,receipt,172,PO_INIT_WH004,Initial stock-up
MOV00000225,2026-04-01,SKU01057,WH001,receipt,60,PO_INIT_WH001,Initial stock-up
MOV00000226,2026-04-01,SKU01057,WH002,receipt,64,PO_INIT_WH002,Initial stock-up
MOV00000227,2026-04-01,SKU01057,WH003,receipt,62,PO_INIT_WH003,Initial stock-up
MOV00000228,2026-04-01,SKU01057,WH004,receipt,197,PO_INIT_WH004,Initial stock-up
MOV00000229,2026-04-01,SKU01058,WH001,receipt,59,PO_INIT_WH001,Initial stock-up
MOV00000230,2026-04-01,SKU01058,WH002,receipt,72,PO_INIT_WH002,Initial stock-up
MOV00000231,2026-04-01,SKU01058,WH003,receipt,71,PO_INIT_WH003,Initial stock-up
MOV00000232,2026-04-01,SKU01058,WH004,receipt,136,PO_INIT_WH004,Initial stock-up
MOV00000233,2026-04-01,SKU01059,WH001,receipt,118,PO_INIT_WH001,Initial stock-up
MOV00000234,2026-04-01,SKU01059,WH002,receipt,106,PO_INIT_WH002,Initial stock-up
MOV00000235,2026-04-01,SKU01059,WH003,receipt,98,PO_INIT_WH003,Initial stock-up
MOV00000236,2026-04-01,SKU01059,WH004,receipt,59,PO_INIT_WH004,Initial stock-up
MOV00000237,2026-04-01,SKU01060,WH001,receipt,70,PO_INIT_WH001,Initial stock-up
MOV00000238,2026-04-01,SKU01060,WH002,receipt,156,PO_INIT_WH002,Initial stock-up
MOV00000239,2026-04-01,SKU01060,WH003,receipt,176,PO_INIT_WH003,Initial stock-up
MOV00000240,2026-04-01,SKU01060,WH004,receipt,176,PO_INIT_WH004,Initial stock-up
MOV00000241,2026-04-01,SKU01061,WH001,receipt,69,PO_INIT_WH001,Initial stock-up
MOV00000242,2026-04-01,SKU01061,WH002,receipt,147,PO_INIT_WH002,Initial stock-up
MOV00000243,2026-04-01,SKU01061,WH003,receipt,90,PO_INIT_WH003,Initial stock-up
MOV00000244,2026-04-01,SKU01061,WH004,receipt,152,PO_INIT_WH004,Initial stock-up
MOV00000245,2026-04-01,SKU01062,WH001,receipt,189,PO_INIT_WH001,Initial stock-up
MOV00000246,2026-04-01,SKU01062,WH002,receipt,77,PO_INIT_WH002,Initial stock-up
MOV00000247,2026-04-01,SKU01062,WH003,receipt,191,PO_INIT_WH003,Initial stock-up
MOV00000248,2026-04-01,SKU01062,WH004,receipt,92,PO_INIT_WH004,Initial stock-up
MOV00000249,2026-04-01,SKU01063,WH001,receipt,107,PO_INIT_WH001,Initial stock-up
MOV00000250,2026-04-01,SKU01063,WH002,receipt,163,PO_INIT_WH002,Initial stock-up
MOV00000251,2026-04-01,SKU01063,WH003,receipt,109,PO_INIT_WH003,Initial stock-up
MOV00000252,2026-04-01,SKU01063,WH004,receipt,132,PO_INIT_WH004,Initial stock-up
MOV00000253,2026-04-01,SKU01064,WH001,receipt,152,PO_INIT_WH001,Initial stock-up
MOV00000254,2026-04-01,SKU01064,WH002,receipt,86,PO_INIT_WH002,Initial stock-up
MOV00000255,2026-04-01,SKU01064,WH003,receipt,100,PO_INIT_WH003,Initial stock-up
MOV00000256,2026-04-01,SKU01064,WH004,receipt,127,PO_INIT_WH004,Initial stock-up
MOV00000257,2026-04-01,SKU01065,WH001,receipt,170,PO_INIT_WH001,Initial stock-up
MOV00000258,2026-04-01,SKU01065,WH002,receipt,173,PO_INIT_WH002,Initial stock-up
MOV00000259,2026-04-01,SKU01065,WH003,receipt,96,PO_INIT_WH003,Initial stock-up
MOV00000260,2026-04-01,SKU01065,WH004,receipt,118,PO_INIT_WH004,Initial stock-up
MOV00000261,2026-04-01,SKU01066,WH001,receipt,168,PO_INIT_WH001,Initial stock-up
MOV00000262,2026-04-01,SKU01066,WH002,receipt,198,PO_INIT_WH002,Initial stock-up
MOV00000263,2026-04-01,SKU01066,WH003,receipt,75,PO_INIT_WH003,Initial stock-up
MOV00000264,2026-04-01,SKU01066,WH004,receipt,60,PO_INIT_WH004,Initial stock-up
MOV00000265,2026-04-01,SKU01067,WH001,receipt,54,PO_INIT_WH001,Initial stock-up
MOV00000266,2026-04-01,SKU01067,WH002,receipt,159,PO_INIT_WH002,Initial stock-up
MOV00000267,2026-04-01,SKU01067,WH003,receipt,187,PO_INIT_WH003,Initial stock-up
MOV00000268,2026-04-01,SKU01067,WH004,receipt,171,PO_INIT_WH004,Initial stock-up
MOV00000269,2026-04-01,SKU01068,WH001,receipt,53,PO_INIT_WH001,Initial stock-up
MOV00000270,2026-04-01,SKU01068,WH002,receipt,199,PO_INIT_WH002,Initial stock-up
MOV00000271,2026-04-01,SKU01068,WH003,receipt,142,PO_INIT_WH003,Initial stock-up
MOV00000272,2026-04-01,SKU01068,WH004,receipt,53,PO_INIT_WH004,Initial stock-up
MOV00000273,2026-04-01,SKU01069,WH001,receipt,161,PO_INIT_WH001,Initial stock-up
MOV00000274,2026-04-01,SKU01069,WH002,receipt,83,PO_INIT_WH002,Initial stock-up
MOV00000275,2026-04-01,SKU01069,WH003,receipt,160,PO_INIT_WH003,Initial stock-up
MOV00000276,2026-04-01,SKU01069,WH004,receipt,136,PO_INIT_WH004,Initial stock-up
MOV00000277,2026-04-01,SKU01070,WH001,receipt,62,PO_INIT_WH001,Initial stock-up
MOV00000278,2026-04-01,SKU01070,WH002,receipt,184,PO_INIT_WH002,Initial stock-up
MOV00000279,2026-04-01,SKU01070,WH003,receipt,135,PO_INIT_WH003,Initial stock-up
MOV00000280,2026-04-01,SKU01070,WH004,receipt,92,PO_INIT_WH004,Initial stock-up
MOV00000281,2026-04-01,SKU01071,WH001,receipt,169,PO_INIT_WH001,Initial stock-up
MOV00000282,2026-04-01,SKU01071,WH002,receipt,174,PO_INIT_WH002,Initial stock-up
MOV00000283,2026-04-01,SKU01071,WH003,receipt,79,PO_INIT_WH003,Initial stock-up
MOV00000284,2026-04-01,SKU01071,WH004,receipt,193,PO_INIT_WH004,Initial stock-up
MOV00000285,2026-04-01,SKU01072,WH001,receipt,171,PO_INIT_WH001,Initial stock-up
MOV00000286,2026-04-01,SKU01072,WH002,receipt,187,PO_INIT_WH002,Initial stock-up
MOV00000287,2026-04-01,SKU01072,WH003,receipt,152,PO_INIT_WH003,Initial stock-up
MOV00000288,2026-04-01,SKU01072,WH004,receipt,77,PO_INIT_WH004,Initial stock-up
MOV00000289,2026-04-01,SKU01073,WH001,receipt,111,PO_INIT_WH001,Initial stock-up
MOV00000290,2026-04-01,SKU01073,WH002,receipt,126,PO_INIT_WH002,Initial stock-up
MOV00000291,2026-04-01,SKU01073,WH003,receipt,131,PO_INIT_WH003,Initial stock-up
MOV00000292,2026-04-01,SKU01073,WH004,receipt,64,PO_INIT_WH004,Initial stock-up
MOV00000293,2026-04-01,SKU01074,WH001,receipt,105,PO_INIT_WH001,Initial stock-up
MOV00000294,2026-04-01,SKU01074,WH002,receipt,89,PO_INIT_WH002,Initial stock-up
MOV00000295,2026-04-01,SKU01074,WH003,receipt,62,PO_INIT_WH003,Initial stock-up
MOV00000296,2026-04-01,SKU01074,WH004,receipt,124,PO_INIT_WH004,Initial stock-up
MOV00000297,2026-04-01,SKU01075,WH001,receipt,63,PO_INIT_WH001,Initial stock-up
MOV00000298,2026-04-01,SKU01075,WH002,receipt,126,PO_INIT_WH002,Initial stock-up
MOV00000299,2026-04-01,SKU01075,WH003,receipt,155,PO_INIT_WH003,Initial stock-up
MOV00000300,2026-04-01,SKU01075,WH004,receipt,156,PO_INIT_WH004,Initial stock-up
MOV00000301,2026-04-01,SKU01076,WH001,receipt,86,PO_INIT_WH001,Initial stock-up
MOV00000302,2026-04-01,SKU01076,WH002,receipt,167,PO_INIT_WH002,Initial stock-up
MOV00000303,2026-04-01,SKU01076,WH003,receipt,165,PO_INIT_WH003,Initial stock-up
MOV00000304,2026-04-01,SKU01076,WH004,receipt,52,PO_INIT_WH004,Initial stock-up
MOV00000305,2026-04-01,SKU01077,WH001,receipt,50,PO_INIT_WH001,Initial stock-up
MOV00000306,2026-04-01,SKU01077,WH002,receipt,170,PO_INIT_WH002,Initial stock-up
MOV00000307,2026-04-01,SKU01077,WH003,receipt,92,PO_INIT_WH003,Initial stock-up
MOV00000308,2026-04-01,SKU01077,WH004,receipt,53,PO_INIT_WH004,Initial stock-up
MOV00000309,2026-04-01,SKU01078,WH001,receipt,189,PO_INIT_WH001,Initial stock-up
MOV00000310,2026-04-01,SKU01078,WH002,receipt,152,PO_INIT_WH002,Initial stock-up
MOV00000311,2026-04-01,SKU01078,WH003,receipt,91,PO_INIT_WH003,Initial stock-up
MOV00000312,2026-04-01,SKU01078,WH004,receipt,114,PO_INIT_WH004,Initial stock-up
MOV00000313,2026-04-01,SKU01079,WH001,receipt,53,PO_INIT_WH001,Initial stock-up
MOV00000314,2026-04-01,SKU01079,WH002,receipt,174,PO_INIT_WH002,Initial stock-up
MOV00000315,2026-04-01,SKU01079,WH003,receipt,157,PO_INIT_WH003,Initial stock-up
MOV00000316,2026-04-01,SKU01079,WH004,receipt,129,PO_INIT_WH004,Initial stock-up
MOV00000317,2026-04-01,SKU01080,WH001,receipt,152,PO_INIT_WH001,Initial stock-up
MOV00000318,2026-04-01,SKU01080,WH002,receipt,189,PO_INIT_WH002,Initial stock-up
MOV00000319,2026-04-01,SKU01080,WH003,receipt,144,PO_INIT_WH003,Initial stock-up
MOV00000320,2026-04-01,SKU01080,WH004,receipt,176,PO_INIT_WH004,Initial stock-up
MOV00000321,2026-04-01,SKU01081,WH001,receipt,109,PO_INIT_WH001,Initial stock-up
MOV00000322,2026-04-01,SKU01081,WH002,receipt,117,PO_INIT_WH002,Initial stock-up
MOV00000323,2026-04-01,SKU01081,WH003,receipt,132,PO_INIT_WH003,Initial stock-up
MOV00000324,2026-04-01,SKU01081,WH004,receipt,156,PO_INIT_WH004,Initial stock-up
MOV00000325,2026-04-01,SKU01082,WH001,receipt,68,PO_INIT_WH001,Initial stock-up
MOV00000326,2026-04-01,SKU01082,WH002,receipt,64,PO_INIT_WH002,Initial stock-up
MOV00000327,2026-04-01,SKU01082,WH003,receipt,57,PO_INIT_WH003,Initial stock-up
MOV00000328,2026-04-01,SKU01082,WH004,receipt,192,PO_INIT_WH004,Initial stock-up
MOV00000329,2026-04-01,SKU01083,WH001,receipt,137,PO_INIT_WH001,Initial stock-up
MOV00000330,2026-04-01,SKU01083,WH002,receipt,61,PO_INIT_WH002,Initial stock-up
MOV00000331,2026-04-01,SKU01083,WH003,receipt,101,PO_INIT_WH003,Initial stock-up
MOV00000332,2026-04-01,SKU01083,WH004,receipt,66,PO_INIT_WH004,Initial stock-up
MOV00000333,2026-04-01,SKU01084,WH001,receipt,70,PO_INIT_WH001,Initial stock-up
MOV00000334,2026-04-01,SKU01084,WH002,receipt,189,PO_INIT_WH002,Initial stock-up
MOV00000335,2026-04-01,SKU01084,WH003,receipt,134,PO_INIT_WH003,Initial stock-up
MOV00000336,2026-04-01,SKU01084,WH004,receipt,165,PO_INIT_WH004,Initial stock-up
MOV00000337,2026-04-01,SKU01085,WH001,receipt,167,PO_INIT_WH001,Initial stock-up
MOV00000338,2026-04-01,SKU01085,WH002,receipt,130,PO_INIT_WH002,Initial stock-up
MOV00000339,2026-04-01,SKU01085,WH003,receipt,58,PO_INIT_WH003,Initial stock-up
MOV00000340,2026-04-01,SKU01085,WH004,receipt,55,PO_INIT_WH004,Initial stock-up
MOV00000341,2026-04-01,SKU01086,WH001,receipt,100,PO_INIT_WH001,Initial stock-up
MOV00000342,2026-04-01,SKU01086,WH002,receipt,70,PO_INIT_WH002,Initial stock-up
MOV00000343,2026-04-01,SKU01086,WH003,receipt,161,PO_INIT_WH003,Initial stock-up
MOV00000344,2026-04-01,SKU01086,WH004,receipt,172,PO_INIT_WH004,Initial stock-up
MOV00000345,2026-04-01,SKU01087,WH001,receipt,178,PO_INIT_WH001,Initial stock-up
MOV00000346,2026-04-01,SKU01087,WH002,receipt,81,PO_INIT_WH002,Initial stock-up
MOV00000347,2026-04-01,SKU01087,WH003,receipt,200,PO_INIT_WH003,Initial stock-up
MOV00000348,2026-04-01,SKU01087,WH004,receipt,82,PO_INIT_WH004,Initial stock-up
MOV00000349,2026-04-01,SKU01088,WH001,receipt,187,PO_INIT_WH001,Initial stock-up
MOV00000350,2026-04-01,SKU01088,WH002,receipt,60,PO_INIT_WH002,Initial stock-up
MOV00000351,2026-04-01,SKU01088,WH003,receipt,80,PO_INIT_WH003,Initial stock-up
MOV00000352,2026-04-01,SKU01088,WH004,receipt,115,PO_INIT_WH004,Initial stock-up
MOV00000353,2026-04-01,SKU01089,WH001,receipt,191,PO_INIT_WH001,Initial stock-up
MOV00000354,2026-04-01,SKU01089,WH002,receipt,158,PO_INIT_WH002,Initial stock-up
MOV00000355,2026-04-01,SKU01089,WH003,receipt,68,PO_INIT_WH003,Initial stock-up
MOV00000356,2026-04-01,SKU01089,WH004,receipt,96,PO_INIT_WH004,Initial stock-up
MOV00000357,2026-04-01,SKU01090,WH001,receipt,67,PO_INIT_WH001,Initial stock-up
MOV00000358,2026-04-01,SKU01090,WH002,receipt,147,PO_INIT_WH002,Initial stock-up
MOV00000359,2026-04-01,SKU01090,WH003,receipt,143,PO_INIT_WH003,Initial stock-up
MOV00000360,2026-04-01,SKU01090,WH004,receipt,189,PO_INIT_WH004,Initial stock-up
MOV00000361,2026-04-01,SKU01091,WH001,receipt,96,PO_INIT_WH001,Initial stock-up
MOV00000362,2026-04-01,SKU01091,WH002,receipt,146,PO_INIT_WH002,Initial stock-up
MOV00000363,2026-04-01,SKU01091,WH003,receipt,173,PO_INIT_WH003,Initial stock-up
MOV00000364,2026-04-01,SKU01091,WH004,receipt,137,PO_INIT_WH004,Initial stock-up
MOV00000365,2026-04-01,SKU01092,WH001,receipt,130,PO_INIT_WH001,Initial stock-up
MOV00000366,2026-04-01,SKU01092,WH002,receipt,123,PO_INIT_WH002,Initial stock-up
MOV00000367,2026-04-01,SKU01092,WH003,receipt,80,PO_INIT_WH003,Initial stock-up
MOV00000368,2026-04-01,SKU01092,WH004,receipt,109,PO_INIT_WH004,Initial stock-up
MOV00000369,2026-04-01,SKU01093,WH001,receipt,57,PO_INIT_WH001,Initial stock-up
MOV00000370,2026-04-01,SKU01093,WH002,receipt,185,PO_INIT_WH002,Initial stock-up
MOV00000371,2026-04-01,SKU01093,WH003,receipt,67,PO_INIT_WH003,Initial stock-up
MOV00000372,2026-04-01,SKU01093,WH004,receipt,112,PO_INIT_WH004,Initial stock-up
MOV00000373,2026-04-01,SKU01094,WH001,receipt,197,PO_INIT_WH001,Initial stock-up
MOV00000374,2026-04-01,SKU01094,WH002,receipt,95,PO_INIT_WH002,Initial stock-up
MOV00000375,2026-04-01,SKU01094,WH003,receipt,162,PO_INIT_WH003,Initial stock-up
MOV00000376,2026-04-01,SKU01094,WH004,receipt,191,PO_INIT_WH004,Initial stock-up
MOV00000377,2026-04-01,SKU01095,WH001,receipt,122,PO_INIT_WH001,Initial stock-up
MOV00000378,2026-04-01,SKU01095,WH002,receipt,120,PO_INIT_WH002,Initial stock-up
MOV00000379,2026-04-01,SKU01095,WH003,receipt,173,PO_INIT_WH003,Initial stock-up
MOV00000380,2026-04-01,SKU01095,WH004,receipt,107,PO_INIT_WH004,Initial stock-up
MOV00000381,2026-04-01,SKU01096,WH001,receipt,117,PO_INIT_WH001,Initial stock-up
MOV00000382,2026-04-01,SKU01096,WH002,receipt,151,PO_INIT_WH002,Initial stock-up
MOV00000383,2026-04-01,SKU01096,WH003,receipt,127,PO_INIT_WH003,Initial stock-up
MOV00000384,2026-04-01,SKU01096,WH004,receipt,52,PO_INIT_WH004,Initial stock-up
MOV00000385,2026-04-01,SKU01097,WH001,receipt,153,PO_INIT_WH001,Initial stock-up
MOV00000386,2026-04-01,SKU01097,WH002,receipt,98,PO_INIT_WH002,Initial stock-up
MOV00000387,2026-04-01,SKU01097,WH003,receipt,114,PO_INIT_WH003,Initial stock-up
MOV00000388,2026-04-01,SKU01097,WH004,receipt,52,PO_INIT_WH004,Initial stock-up
MOV00000389,2026-04-01,SKU01098,WH001,receipt,133,PO_INIT_WH001,Initial stock-up
MOV00000390,2026-04-01,SKU01098,WH002,receipt,119,PO_INIT_WH002,Initial stock-up
MOV00000391,2026-04-01,SKU01098,WH003,receipt,160,PO_INIT_WH003,Initial stock-up
MOV00000392,2026-04-01,SKU01098,WH004,receipt,98,PO_INIT_WH004,Initial stock-up
MOV00000393,2026-04-01,SKU01099,WH001,receipt,113,PO_INIT_WH001,Initial stock-up
MOV00000394,2026-04-01,SKU01099,WH002,receipt,191,PO_INIT_WH002,Initial stock-up
MOV00000395,2026-04-01,SKU01099,WH003,receipt,99,PO_INIT_WH003,Initial stock-up
MOV00000396,2026-04-01,SKU01099,WH004,receipt,59,PO_INIT_WH004,Initial stock-up
MOV00000397,2026-04-01,SKU01100,WH001,receipt,74,PO_INIT_WH001,Initial stock-up
MOV00000398,2026-04-01,SKU01100,WH002,receipt,84,PO_INIT_WH002,Initial stock-up
MOV00000399,2026-04-01,SKU01100,WH003,receipt,54,PO_INIT_WH003,Initial stock-up
MOV00000400,2026-04-01,SKU01100,WH004,receipt,193,PO_INIT_WH004,Initial stock-up
MOV00000401,2026-04-01,SKU01101,WH001,receipt,116,PO_INIT_WH001,Initial stock-up
MOV00000402,2026-04-01,SKU01101,WH002,receipt,196,PO_INIT_WH002,Initial stock-up
MOV00000403,2026-04-01,SKU01101,WH003,receipt,84,PO_INIT_WH003,Initial stock-up
MOV00000404,2026-04-01,SKU01101,WH004,receipt,110,PO_INIT_WH004,Initial stock-up
MOV00000405,2026-04-01,SKU01102,WH001,receipt,74,PO_INIT_WH001,Initial stock-up
MOV00000406,2026-04-01,SKU01102,WH002,receipt,53,PO_INIT_WH002,Initial stock-up
MOV00000407,2026-04-01,SKU01102,WH003,receipt,134,PO_INIT_WH003,Initial stock-up
MOV00000408,2026-04-01,SKU01102,WH004,receipt,111,PO_INIT_WH004,Initial stock-up
MOV00000409,2026-04-01,SKU01103,WH001,receipt,123,PO_INIT_WH001,Initial stock-up
MOV00000410,2026-04-01,SKU01103,WH002,receipt,152,PO_INIT_WH002,Initial stock-up
MOV00000411,2026-04-01,SKU01103,WH003,receipt,64,PO_INIT_WH003,Initial stock-up
MOV00000412,2026-04-01,SKU01103,WH004,receipt,154,PO_INIT_WH004,Initial stock-up
MOV00000413,2026-04-01,SKU01104,WH001,receipt,138,PO_INIT_WH001,Initial stock-up
MOV00000414,2026-04-01,SKU01104,WH002,receipt,128,PO_INIT_WH002,Initial stock-up
MOV00000415,2026-04-01,SKU01104,WH003,receipt,146,PO_INIT_WH003,Initial stock-up
MOV00000416,2026-04-01,SKU01104,WH004,receipt,126,PO_INIT_WH004,Initial stock-up
MOV00000417,2026-04-01,SKU01105,WH001,receipt,164,PO_INIT_WH001,Initial stock-up
MOV00000418,2026-04-01,SKU01105,WH002,receipt,61,PO_INIT_WH002,Initial stock-up
MOV00000419,2026-04-01,SKU01105,WH003,receipt,141,PO_INIT_WH003,Initial stock-up
MOV00000420,2026-04-01,SKU01105,WH004,receipt,149,PO_INIT_WH004,Initial stock-up
MOV00000421,2026-04-01,SKU01106,WH001,receipt,165,PO_INIT_WH001,Initial stock-up
MOV00000422,2026-04-01,SKU01106,WH002,receipt,86,PO_INIT_WH002,Initial stock-up
MOV00000423,2026-04-01,SKU01106,WH003,receipt,187,PO_INIT_WH003,Initial stock-up
MOV00000424,2026-04-01,SKU01106,WH004,receipt,145,PO_INIT_WH004,Initial stock-up
MOV00000425,2026-04-01,SKU01107,WH001,receipt,112,PO_INIT_WH001,Initial stock-up
MOV00000426,2026-04-01,SKU01107,WH002,receipt,155,PO_INIT_WH002,Initial stock-up
MOV00000427,2026-04-01,SKU01107,WH003,receipt,171,PO_INIT_WH003,Initial stock-up
MOV00000428,2026-04-01,SKU01107,WH004,receipt,119,PO_INIT_WH004,Initial stock-up
MOV00000429,2026-04-01,SKU01108,WH001,receipt,148,PO_INIT_WH001,Initial stock-up
MOV00000430,2026-04-01,SKU01108,WH002,receipt,78,PO_INIT_WH002,Initial stock-up
MOV00000431,2026-04-01,SKU01108,WH003,receipt,63,PO_INIT_WH003,Initial stock-up
MOV00000432,2026-04-01,SKU01108,WH004,receipt,186,PO_INIT_WH004,Initial stock-up
MOV00000433,2026-04-01,SKU01109,WH001,receipt,153,PO_INIT_WH001,Initial stock-up
MOV00000434,2026-04-01,SKU01109,WH002,receipt,174,PO_INIT_WH002,Initial stock-up
MOV00000435,2026-04-01,SKU01109,WH003,receipt,59,PO_INIT_WH003,Initial stock-up
MOV00000436,2026-04-01,SKU01109,WH004,receipt,150,PO_INIT_WH004,Initial stock-up
MOV00000437,2026-04-01,SKU01110,WH001,receipt,188,PO_INIT_WH001,Initial stock-up
MOV00000438,2026-04-01,SKU01110,WH002,receipt,120,PO_INIT_WH002,Initial stock-up
MOV00000439,2026-04-01,SKU01110,WH003,receipt,182,PO_INIT_WH003,Initial stock-up
MOV00000440,2026-04-01,SKU01110,WH004,receipt,78,PO_INIT_WH004,Initial stock-up
MOV00000441,2026-04-01,SKU01111,WH001,receipt,104,PO_INIT_WH001,Initial stock-up
MOV00000442,2026-04-01,SKU01111,WH002,receipt,169,PO_INIT_WH002,Initial stock-up
MOV00000443,2026-04-01,SKU01111,WH003,receipt,176,PO_INIT_WH003,Initial stock-up
MOV00000444,2026-04-01,SKU01111,WH004,receipt,113,PO_INIT_WH004,Initial stock-up
MOV00000445,2026-04-01,SKU01112,WH001,receipt,107,PO_INIT_WH001,Initial stock-up
MOV00000446,2026-04-01,SKU01112,WH002,receipt,135,PO_INIT_WH002,Initial stock-up
MOV00000447,2026-04-01,SKU01112,WH003,receipt,190,PO_INIT_WH003,Initial stock-up
MOV00000448,2026-04-01,SKU01112,WH004,receipt,181,PO_INIT_WH004,Initial stock-up
MOV00000449,2026-04-01,SKU01113,WH001,receipt,200,PO_INIT_WH001,Initial stock-up
MOV00000450,2026-04-01,SKU01113,WH002,receipt,91,PO_INIT_WH002,Initial stock-up
MOV00000451,2026-04-01,SKU01113,WH003,receipt,107,PO_INIT_WH003,Initial stock-up
MOV00000452,2026-04-01,SKU01113,WH004,receipt,50,PO_INIT_WH004,Initial stock-up
MOV00000453,2026-04-01,SKU01114,WH001,receipt,84,PO_INIT_WH001,Initial stock-up
MOV00000454,2026-04-01,SKU01114,WH002,receipt,159,PO_INIT_WH002,Initial stock-up
MOV00000455,2026-04-01,SKU01114,WH003,receipt,55,PO_INIT_WH003,Initial stock-up
MOV00000456,2026-04-01,SKU01114,WH004,receipt,99,PO_INIT_WH004,Initial stock-up
MOV00000457,2026-04-01,SKU01115,WH001,receipt,64,PO_INIT_WH001,Initial stock-up
MOV00000458,2026-04-01,SKU01115,WH002,receipt,99,PO_INIT_WH002,Initial stock-up
MOV00000459,2026-04-01,SKU01115,WH003,receipt,173,PO_INIT_WH003,Initial stock-up
MOV00000460,2026-04-01,SKU01115,WH004,receipt,189,PO_INIT_WH004,Initial stock-up
MOV00000461,2026-04-01,SKU01116,WH001,receipt,54,PO_INIT_WH001,Initial stock-up
MOV00000462,2026-04-01,SKU01116,WH002,receipt,118,PO_INIT_WH002,Initial stock-up
MOV00000463,2026-04-01,SKU01116,WH003,receipt,190,PO_INIT_WH003,Initial stock-up
MOV00000464,2026-04-01,SKU01116,WH004,receipt,53,PO_INIT_WH004,Initial stock-up
MOV00000465,2026-04-01,SKU01117,WH001,receipt,130,PO_INIT_WH001,Initial stock-up
MOV00000466,2026-04-01,SKU01117,WH002,receipt,196,PO_INIT_WH002,Initial stock-up
MOV00000467,2026-04-01,SKU01117,WH003,receipt,120,PO_INIT_WH003,Initial stock-up
MOV00000468,2026-04-01,SKU01117,WH004,receipt,159,PO_INIT_WH004,Initial stock-up
MOV00000469,2026-04-01,SKU01118,WH001,receipt,101,PO_INIT_WH001,Initial stock-up
MOV00000470,2026-04-01,SKU01118,WH002,receipt,122,PO_INIT_WH002,Initial stock-up
MOV00000471,2026-04-01,SKU01118,WH003,receipt,122,PO_INIT_WH003,Initial stock-up
MOV00000472,2026-04-01,SKU01118,WH004,receipt,151,PO_INIT_WH004,Initial stock-up
MOV00000473,2026-04-01,SKU01119,WH001,receipt,163,PO_INIT_WH001,Initial stock-up
MOV00000474,2026-04-01,SKU01119,WH002,receipt,93,PO_INIT_WH002,Initial stock-up
MOV00000475,2026-04-01,SKU01119,WH003,receipt,104,PO_INIT_WH003,Initial stock-up
MOV00000476,2026-04-01,SKU01119,WH004,receipt,59,PO_INIT_WH004,Initial stock-up
MOV00000477,2026-04-01,SKU01120,WH001,receipt,60,PO_INIT_WH001,Initial stock-up
MOV00000478,2026-04-01,SKU01120,WH002,receipt,151,PO_INIT_WH002,Initial stock-up
MOV00000479,2026-04-01,SKU01120,WH003,receipt,128,PO_INIT_WH003,Initial stock-up
MOV00000480,2026-04-01,SKU01120,WH004,receipt,78,PO_INIT_WH004,Initial stock-up
MOV00000481,2026-04-01,SKU01121,WH001,receipt,132,PO_INIT_WH001,Initial stock-up
MOV00000482,2026-04-01,SKU01121,WH002,receipt,177,PO_INIT_WH002,Initial stock-up
MOV00000483,2026-04-01,SKU01121,WH003,receipt,101,PO_INIT_WH003,Initial stock-up
MOV00000484,2026-04-01,SKU01121,WH004,receipt,198,PO_INIT_WH004,Initial stock-up
MOV00000485,2026-04-01,SKU01122,WH001,receipt,164,PO_INIT_WH001,Initial stock-up
MOV00000486,2026-04-01,SKU01122,WH002,receipt,141,PO_INIT_WH002,Initial stock-up
MOV00000487,2026-04-01,SKU01122,WH003,receipt,57,PO_INIT_WH003,Initial stock-up
MOV00000488,2026-04-01,SKU01122,WH004,receipt,65,PO_INIT_WH004,Initial stock-up
MOV00000489,2026-04-01,SKU01123,WH001,receipt,193,PO_INIT_WH001,Initial stock-up
MOV00000490,2026-04-01,SKU01123,WH002,receipt,152,PO_INIT_WH002,Initial stock-up
MOV00000491,2026-04-01,SKU01123,WH003,receipt,125,PO_INIT_WH003,Initial stock-up
MOV00000492,2026-04-01,SKU01123,WH004,receipt,191,PO_INIT_WH004,Initial stock-up
MOV00000493,2026-04-01,SKU01124,WH001,receipt,132,PO_INIT_WH001,Initial stock-up
MOV00000494,2026-04-01,SKU01124,WH002,receipt,151,PO_INIT_WH002,Initial stock-up
MOV00000495,2026-04-01,SKU01124,WH003,receipt,164,PO_INIT_WH003,Initial stock-up
MOV00000496,2026-04-01,SKU01124,WH004,receipt,124,PO_INIT_WH004,Initial stock-up
MOV00000497,2026-04-01,SKU01125,WH001,receipt,118,PO_INIT_WH001,Initial stock-up
MOV00000498,2026-04-01,SKU01125,WH002,receipt,146,PO_INIT_WH002,Initial stock-up
MOV00000499,2026-04-01,SKU01125,WH003,receipt,80,PO_INIT_WH003,Initial stock-up
MOV00000500,2026-04-01,SKU01125,WH004,receipt,84,PO_INIT_WH004,Initial stock-up
MOV00000501,2026-04-01,SKU01126,WH001,receipt,87,PO_INIT_WH001,Initial stock-up
MOV00000502,2026-04-01,SKU01126,WH002,receipt,124,PO_INIT_WH002,Initial stock-up
MOV00000503,2026-04-01,SKU01126,WH003,receipt,114,PO_INIT_WH003,Initial stock-up
MOV00000504,2026-04-01,SKU01126,WH004,receipt,167,PO_INIT_WH004,Initial stock-up
MOV00000505,2026-04-01,SKU01127,WH001,receipt,97,PO_INIT_WH001,Initial stock-up
MOV00000506,2026-04-01,SKU01127,WH002,receipt,88,PO_INIT_WH002,Initial stock-up
MOV00000507,2026-04-01,SKU01127,WH003,receipt,171,PO_INIT_WH003,Initial stock-up
MOV00000508,2026-04-01,SKU01127,WH004,receipt,69,PO_INIT_WH004,Initial stock-up
MOV00000509,2026-04-01,SKU01128,WH001,receipt,130,PO_INIT_WH001,Initial stock-up
MOV00000510,2026-04-01,SKU01128,WH002,receipt,149,PO_INIT_WH002,Initial stock-up
MOV00000511,2026-04-01,SKU01128,WH003,receipt,190,PO_INIT_WH003,Initial stock-up
MOV00000512,2026-04-01,SKU01128,WH004,receipt,69,PO_INIT_WH004,Initial stock-up
MOV00000513,2026-04-01,SKU01129,WH001,receipt,153,PO_INIT_WH001,Initial stock-up
MOV00000514,2026-04-01,SKU01129,WH002,receipt,178,PO_INIT_WH002,Initial stock-up
MOV00000515,2026-04-01,SKU01129,WH003,receipt,184,PO_INIT_WH003,Initial stock-up
MOV00000516,2026-04-01,SKU01129,WH004,receipt,87,PO_INIT_WH004,Initial stock-up
MOV00000517,2026-04-01,SKU01130,WH001,receipt,113,PO_INIT_WH001,Initial stock-up
MOV00000518,2026-04-01,SKU01130,WH002,receipt,102,PO_INIT_WH002,Initial stock-up
MOV00000519,2026-04-01,SKU01130,WH003,receipt,57,PO_INIT_WH003,Initial stock-up
MOV00000520,2026-04-01,SKU01130,WH004,receipt,74,PO_INIT_WH004,Initial stock-up
MOV00000521,2026-04-01,SKU01131,WH001,receipt,105,PO_INIT_WH001,Initial stock-up
MOV00000522,2026-04-01,SKU01131,WH002,receipt,180,PO_INIT_WH002,Initial stock-up
MOV00000523,2026-04-01,SKU01131,WH003,receipt,186,PO_INIT_WH003,Initial stock-up
MOV00000524,2026-04-01,SKU01131,WH004,receipt,72,PO_INIT_WH004,Initial stock-up
MOV00000525,2026-04-01,SKU01132,WH001,receipt,193,PO_INIT_WH001,Initial stock-up
MOV00000526,2026-04-01,SKU01132,WH002,receipt,115,PO_INIT_WH002,Initial stock-up
MOV00000527,2026-04-01,SKU01132,WH003,receipt,200,PO_INIT_WH003,Initial stock-up
MOV00000528,2026-04-01,SKU01132,WH004,receipt,200,PO_INIT_WH004,Initial stock-up
MOV00000529,2026-04-01,SKU01133,WH001,receipt,130,PO_INIT_WH001,Initial stock-up
MOV00000530,2026-04-01,SKU01133,WH002,receipt,169,PO_INIT_WH002,Initial stock-up
MOV00000531,2026-04-01,SKU01133,WH003,receipt,198,PO_INIT_WH003,Initial stock-up
MOV00000532,2026-04-01,SKU01133,WH004,receipt,121,PO_INIT_WH004,Initial stock-up
MOV00000533,2026-04-01,SKU01134,WH001,receipt,148,PO_INIT_WH001,Initial stock-up
MOV00000534,2026-04-01,SKU01134,WH002,receipt,153,PO_INIT_WH002,Initial stock-up
MOV00000535,2026-04-01,SKU01134,WH003,receipt,129,PO_INIT_WH003,Initial stock-up
MOV00000536,2026-04-01,SKU01134,WH004,receipt,154,PO_INIT_WH004,Initial stock-up
MOV00000537,2026-04-01,SKU01135,WH001,receipt,193,PO_INIT_WH001,Initial stock-up
MOV00000538,2026-04-01,SKU01135,WH002,receipt,82,PO_INIT_WH002,Initial stock-up
MOV00000539,2026-04-01,SKU01135,WH003,receipt,110,PO_INIT_WH003,Initial stock-up
MOV00000540,2026-04-01,SKU01135,WH004,receipt,89,PO_INIT_WH004,Initial stock-up
MOV00000541,2026-04-01,SKU01136,WH001,receipt,87,PO_INIT_WH001,Initial stock-up
MOV00000542,2026-04-01,SKU01136,WH002,receipt,95,PO_INIT_WH002,Initial stock-up
MOV00000543,2026-04-01,SKU01136,WH003,receipt,169,PO_INIT_WH003,Initial stock-up
MOV00000544,2026-04-01,SKU01136,WH004,receipt,141,PO_INIT_WH004,Initial stock-up
MOV00000545,2026-04-01,SKU01137,WH001,receipt,133,PO_INIT_WH001,Initial stock-up
MOV00000546,2026-04-01,SKU01137,WH002,receipt,105,PO_INIT_WH002,Initial stock-up
MOV00000547,2026-04-01,SKU01137,WH003,receipt,184,PO_INIT_WH003,Initial stock-up
MOV00000548,2026-04-01,SKU01137,WH004,receipt,166,PO_INIT_WH004,Initial stock-up
MOV00000549,2026-04-01,SKU01138,WH001,receipt,141,PO_INIT_WH001,Initial stock-up
MOV00000550,2026-04-01,SKU01138,WH002,receipt,63,PO_INIT_WH002,Initial stock-up
MOV00000551,2026-04-01,SKU01138,WH003,receipt,195,PO_INIT_WH003,Initial stock-up
MOV00000552,2026-04-01,SKU01138,WH004,receipt,90,PO_INIT_WH004,Initial stock-up
MOV00000553,2026-04-01,SKU01139,WH001,receipt,104,PO_INIT_WH001,Initial stock-up
MOV00000554,2026-04-01,SKU01139,WH002,receipt,121,PO_INIT_WH002,Initial stock-up
MOV00000555,2026-04-01,SKU01139,WH003,receipt,134,PO_INIT_WH003,Initial stock-up
MOV00000556,2026-04-01,SKU01139,WH004,receipt,164,PO_INIT_WH004,Initial stock-up
MOV00000557,2026-04-01,SKU01140,WH001,receipt,108,PO_INIT_WH001,Initial stock-up
MOV00000558,2026-04-01,SKU01140,WH002,receipt,187,PO_INIT_WH002,Initial stock-up
MOV00000559,2026-04-01,SKU01140,WH003,receipt,131,PO_INIT_WH003,Initial stock-up
MOV00000560,2026-04-01,SKU01140,WH004,receipt,92,PO_INIT_WH004,Initial stock-up
MOV00000561,2026-04-01,SKU01141,WH001,receipt,129,PO_INIT_WH001,Initial stock-up
MOV00000562,2026-04-01,SKU01141,WH002,receipt,70,PO_INIT_WH002,Initial stock-up
MOV00000563,2026-04-01,SKU01141,WH003,receipt,55,PO_INIT_WH003,Initial stock-up
MOV00000564,2026-04-01,SKU01141,WH004,receipt,193,PO_INIT_WH004,Initial stock-up
MOV00000565,2026-04-01,SKU01142,WH001,receipt,105,PO_INIT_WH001,Initial stock-up
MOV00000566,2026-04-01,SKU01142,WH002,receipt,60,PO_INIT_WH002,Initial stock-up
MOV00000567,2026-04-01,SKU01142,WH003,receipt,200,PO_INIT_WH003,Initial stock-up
MOV00000568,2026-04-01,SKU01142,WH004,receipt,63,PO_INIT_WH004,Initial stock-up
MOV00000569,2026-04-01,SKU01143,WH001,receipt,188,PO_INIT_WH001,Initial stock-up
MOV00000570,2026-04-01,SKU01143,WH002,receipt,193,PO_INIT_WH002,Initial stock-up
MOV00000571,2026-04-01,SKU01143,WH003,receipt,106,PO_INIT_WH003,Initial stock-up
MOV00000572,2026-04-01,SKU01143,WH004,receipt,76,PO_INIT_WH004,Initial stock-up
MOV00000573,2026-04-01,SKU01144,WH001,receipt,68,PO_INIT_WH001,Initial stock-up
MOV00000574,2026-04-01,SKU01144,WH002,receipt,58,PO_INIT_WH002,Initial stock-up
MOV00000575,2026-04-01,SKU01144,WH003,receipt,69,PO_INIT_WH003,Initial stock-up
MOV00000576,2026-04-01,SKU01144,WH004,receipt,88,PO_INIT_WH004,Initial stock-up
MOV00000577,2026-04-01,SKU01145,WH001,receipt,76,PO_INIT_WH001,Initial stock-up
MOV00000578,2026-04-01,SKU01145,WH002,receipt,196,PO_INIT_WH002,Initial stock-up
MOV00000579,2026-04-01,SKU01145,WH003,receipt,89,PO_INIT_WH003,Initial stock-up
MOV00000580,2026-04-01,SKU01145,WH004,receipt,106,PO_INIT_WH004,Initial stock-up
MOV00000581,2026-04-01,SKU01146,WH001,receipt,194,PO_INIT_WH001,Initial stock-up
MOV00000582,2026-04-01,SKU01146,WH002,receipt,155,PO_INIT_WH002,Initial stock-up
MOV00000583,2026-04-01,SKU01146,WH003,receipt,189,PO_INIT_WH003,Initial stock-up
MOV00000584,2026-04-01,SKU01146,WH004,receipt,77,PO_INIT_WH004,Initial stock-up
MOV00000585,2026-04-01,SKU01147,WH001,receipt,116,PO_INIT_WH001,Initial stock-up
MOV00000586,2026-04-01,SKU01147,WH002,receipt,128,PO_INIT_WH002,Initial stock-up
MOV00000587,2026-04-01,SKU01147,WH003,receipt,160,PO_INIT_WH003,Initial stock-up
MOV00000588,2026-04-01,SKU01147,WH004,receipt,68,PO_INIT_WH004,Initial stock-up
MOV00000589,2026-04-01,SKU01148,WH001,receipt,176,PO_INIT_WH001,Initial stock-up
MOV00000590,2026-04-01,SKU01148,WH002,receipt,90,PO_INIT_WH002,Initial stock-up
MOV00000591,2026-04-01,SKU01148,WH003,receipt,182,PO_INIT_WH003,Initial stock-up
MOV00000592,2026-04-01,SKU01148,WH004,receipt,200,PO_INIT_WH004,Initial stock-up
MOV00000593,2026-04-01,SKU01149,WH001,receipt,101,PO_INIT_WH001,Initial stock-up
MOV00000594,2026-04-01,SKU01149,WH002,receipt,178,PO_INIT_WH002,Initial stock-up
MOV00000595,2026-04-01,SKU01149,WH003,receipt,198,PO_INIT_WH003,Initial stock-up
MOV00000596,2026-04-01,SKU01149,WH004,receipt,170,PO_INIT_WH004,Initial stock-up
MOV00000597,2026-04-01,SKU01150,WH001,receipt,182,PO_INIT_WH001,Initial stock-up
MOV00000598,2026-04-01,SKU01150,WH002,receipt,184,PO_INIT_WH002,Initial stock-up
MOV00000599,2026-04-01,SKU01150,WH003,receipt,88,PO_INIT_WH003,Initial stock-up
MOV00000600,2026-04-01,SKU01150,WH004,receipt,198,PO_INIT_WH004,Initial stock-up
MOV00000601,2026-04-01,SKU01151,WH001,receipt,171,PO_INIT_WH001,Initial stock-up
MOV00000602,2026-04-01,SKU01151,WH002,receipt,182,PO_INIT_WH002,Initial stock-up
MOV00000603,2026-04-01,SKU01151,WH003,receipt,71,PO_INIT_WH003,Initial stock-up
MOV00000604,2026-04-01,SKU01151,WH004,receipt,166,PO_INIT_WH004,Initial stock-up
MOV00000605,2026-04-01,SKU01152,WH001,receipt,59,PO_INIT_WH001,Initial stock-up
MOV00000606,2026-04-01,SKU01152,WH002,receipt,170,PO_INIT_WH002,Initial stock-up
MOV00000607,2026-04-01,SKU01152,WH003,receipt,68,PO_INIT_WH003,Initial stock-up
MOV00000608,2026-04-01,SKU01152,WH004,receipt,100,PO_INIT_WH004,Initial stock-up
MOV00000609,2026-04-01,SKU01153,WH001,receipt,137,PO_INIT_WH001,Initial stock-up
MOV00000610,2026-04-01,SKU01153,WH002,receipt,127,PO_INIT_WH002,Initial stock-up
MOV00000611,2026-04-01,SKU01153,WH003,receipt,169,PO_INIT_WH003,Initial stock-up
MOV00000612,2026-04-01,SKU01153,WH004,receipt,160,PO_INIT_WH004,Initial stock-up
MOV00000613,2026-04-01,SKU01154,WH001,receipt,117,PO_INIT_WH001,Initial stock-up
MOV00000614,2026-04-01,SKU01154,WH002,receipt,76,PO_INIT_WH002,Initial stock-up
MOV00000615,2026-04-01,SKU01154,WH003,receipt,151,PO_INIT_WH003,Initial stock-up
MOV00000616,2026-04-01,SKU01154,WH004,receipt,188,PO_INIT_WH004,Initial stock-up
MOV00000617,2026-04-01,SKU01155,WH001,receipt,182,PO_INIT_WH001,Initial stock-up
MOV00000618,2026-04-01,SKU01155,WH002,receipt,169,PO_INIT_WH002,Initial stock-up
MOV00000619,2026-04-01,SKU01155,WH003,receipt,111,PO_INIT_WH003,Initial stock-up
MOV00000620,2026-04-01,SKU01155,WH004,receipt,196,PO_INIT_WH004,Initial stock-up
MOV00000621,2026-04-01,SKU01156,WH001,receipt,186,PO_INIT_WH001,Initial stock-up
MOV00000622,2026-04-01,SKU01156,WH002,receipt,78,PO_INIT_WH002,Initial stock-up
MOV00000623,2026-04-01,SKU01156,WH003,receipt,93,PO_INIT_WH003,Initial stock-up
MOV00000624,2026-04-01,SKU01156,WH004,receipt,174,PO_INIT_WH004,Initial stock-up
MOV00000625,2026-04-01,SKU01157,WH001,receipt,62,PO_INIT_WH001,Initial stock-up
MOV00000626,2026-04-01,SKU01157,WH002,receipt,89,PO_INIT_WH002,Initial stock-up
MOV00000627,2026-04-01,SKU01157,WH003,receipt,85,PO_INIT_WH003,Initial stock-up
MOV00000628,2026-04-01,SKU01157,WH004,receipt,108,PO_INIT_WH004,Initial stock-up
MOV00000629,2026-04-01,SKU01158,WH001,receipt,92,PO_INIT_WH001,Initial stock-up
MOV00000630,2026-04-01,SKU01158,WH002,receipt,75,PO_INIT_WH002,Initial stock-up
MOV00000631,2026-04-01,SKU01158,WH003,receipt,163,PO_INIT_WH003,Initial stock-up
MOV00000632,2026-04-01,SKU01158,WH004,receipt,52,PO_INIT_WH004,Initial stock-up
MOV00000633,2026-04-01,SKU01159,WH001,receipt,194,PO_INIT_WH001,Initial stock-up
MOV00000634,2026-04-01,SKU01159,WH002,receipt,162,PO_INIT_WH002,Initial stock-up
MOV00000635,2026-04-01,SKU01159,WH003,receipt,150,PO_INIT_WH003,Initial stock-up
MOV00000636,2026-04-01,SKU01159,WH004,receipt,183,PO_INIT_WH004,Initial stock-up
MOV00000637,2026-04-01,SKU01160,WH001,receipt,77,PO_INIT_WH001,Initial stock-up
MOV00000638,2026-04-01,SKU01160,WH002,receipt,189,PO_INIT_WH002,Initial stock-up
MOV00000639,2026-04-01,SKU01160,WH003,receipt,195,PO_INIT_WH003,Initial stock-up
MOV00000640,2026-04-01,SKU01160,WH004,receipt,143,PO_INIT_WH004,Initial stock-up
MOV00000641,2026-04-01,SKU01161,WH001,receipt,141,PO_INIT_WH001,Initial stock-up
MOV00000642,2026-04-01,SKU01161,WH002,receipt,150,PO_INIT_WH002,Initial stock-up
MOV00000643,2026-04-01,SKU01161,WH003,receipt,192,PO_INIT_WH003,Initial stock-up
MOV00000644,2026-04-01,SKU01161,WH004,receipt,112,PO_INIT_WH004,Initial stock-up
MOV00000645,2026-04-01,SKU01162,WH001,receipt,156,PO_INIT_WH001,Initial stock-up
MOV00000646,2026-04-01,SKU01162,WH002,receipt,114,PO_INIT_WH002,Initial stock-up
MOV00000647,2026-04-01,SKU01162,WH003,receipt,165,PO_INIT_WH003,Initial stock-up
MOV00000648,2026-04-01,SKU01162,WH004,receipt,85,PO_INIT_WH004,Initial stock-up
MOV00000649,2026-04-01,SKU01163,WH001,receipt,66,PO_INIT_WH001,Initial stock-up
MOV00000650,2026-04-01,SKU01163,WH002,receipt,108,PO_INIT_WH002,Initial stock-up
MOV00000651,2026-04-01,SKU01163,WH003,receipt,182,PO_INIT_WH003,Initial stock-up
MOV00000652,2026-04-01,SKU01163,WH004,receipt,196,PO_INIT_WH004,Initial stock-up
MOV00000653,2026-04-01,SKU01164,WH001,receipt,167,PO_INIT_WH001,Initial stock-up
MOV00000654,2026-04-01,SKU01164,WH002,receipt,82,PO_INIT_WH002,Initial stock-up
MOV00000655,2026-04-01,SKU01164,WH003,receipt,180,PO_INIT_WH003,Initial stock-up
MOV00000656,2026-04-01,SKU01164,WH004,receipt,83,PO_INIT_WH004,Initial stock-up
MOV00000657,2026-04-01,SKU01165,WH001,receipt,177,PO_INIT_WH001,Initial stock-up
MOV00000658,2026-04-01,SKU01165,WH002,receipt,141,PO_INIT_WH002,Initial stock-up
MOV00000659,2026-04-01,SKU01165,WH003,receipt,154,PO_INIT_WH003,Initial stock-up
MOV00000660,2026-04-01,SKU01165,WH004,receipt,197,PO_INIT_WH004,Initial stock-up
MOV00000661,2026-04-01,SKU01166,WH001,receipt,88,PO_INIT_WH001,Initial stock-up
MOV00000662,2026-04-01,SKU01166,WH002,receipt,173,PO_INIT_WH002,Initial stock-up
MOV00000663,2026-04-01,SKU01166,WH003,receipt,196,PO_INIT_WH003,Initial stock-up
MOV00000664,2026-04-01,SKU01166,WH004,receipt,113,PO_INIT_WH004,Initial stock-up
MOV00000665,2026-04-01,SKU01167,WH001,receipt,182,PO_INIT_WH001,Initial stock-up
MOV00000666,2026-04-01,SKU01167,WH002,receipt,55,PO_INIT_WH002,Initial stock-up
MOV00000667,2026-04-01,SKU01167,WH003,receipt,194,PO_INIT_WH003,Initial stock-up
MOV00000668,2026-04-01,SKU01167,WH004,receipt,115,PO_INIT_WH004,Initial stock-up
MOV00000669,2026-04-01,SKU01168,WH001,receipt,126,PO_INIT_WH001,Initial stock-up
MOV00000670,2026-04-01,SKU01168,WH002,receipt,134,PO_INIT_WH002,Initial stock-up
MOV00000671,2026-04-01,SKU01168,WH003,receipt,147,PO_INIT_WH003,Initial stock-up
MOV00000672,2026-04-01,SKU01168,WH004,receipt,181,PO_INIT_WH004,Initial stock-up
MOV00000673,2026-04-01,SKU01169,WH001,receipt,124,PO_INIT_WH001,Initial stock-up
MOV00000674,2026-04-01,SKU01169,WH002,receipt,69,PO_INIT_WH002,Initial stock-up
MOV00000675,2026-04-01,SKU01169,WH003,receipt,163,PO_INIT_WH003,Initial stock-up
MOV00000676,2026-04-01,SKU01169,WH004,receipt,114,PO_INIT_WH004,Initial stock-up
MOV00000677,2026-04-01,SKU01170,WH001,receipt,172,PO_INIT_WH001,Initial stock-up
MOV00000678,2026-04-01,SKU01170,WH002,receipt,100,PO_INIT_WH002,Initial stock-up
MOV00000679,2026-04-01,SKU01170,WH003,receipt,167,PO_INIT_WH003,Initial stock-up
MOV00000680,2026-04-01,SKU01170,WH004,receipt,106,PO_INIT_WH004,Initial stock-up
MOV00000681,2026-04-01,SKU01171,WH001,receipt,62,PO_INIT_WH001,Initial stock-up
MOV00000682,2026-04-01,SKU01171,WH002,receipt,61,PO_INIT_WH002,Initial stock-up
MOV00000683,2026-04-01,SKU01171,WH003,receipt,106,PO_INIT_WH003,Initial stock-up
MOV00000684,2026-04-01,SKU01171,WH004,receipt,85,PO_INIT_WH004,Initial stock-up
MOV00000685,2026-04-01,SKU01172,WH001,receipt,198,PO_INIT_WH001,Initial stock-up
MOV00000686,2026-04-01,SKU01172,WH002,receipt,149,PO_INIT_WH002,Initial stock-up
MOV00000687,2026-04-01,SKU01172,WH003,receipt,126,PO_INIT_WH003,Initial stock-up
MOV00000688,2026-04-01,SKU01172,WH004,receipt,193,PO_INIT_WH004,Initial stock-up
MOV00000689,2026-04-01,SKU01173,WH001,receipt,140,PO_INIT_WH001,Initial stock-up
MOV00000690,2026-04-01,SKU01173,WH002,receipt,136,PO_INIT_WH002,Initial stock-up
MOV00000691,2026-04-01,SKU01173,WH003,receipt,152,PO_INIT_WH003,Initial stock-up
MOV00000692,2026-04-01,SKU01173,WH004,receipt,195,PO_INIT_WH004,Initial stock-up
MOV00000693,2026-04-01,SKU01174,WH001,receipt,199,PO_INIT_WH001,Initial stock-up
MOV00000694,2026-04-01,SKU01174,WH002,receipt,116,PO_INIT_WH002,Initial stock-up
MOV00000695,2026-04-01,SKU01174,WH003,receipt,90,PO_INIT_WH003,Initial stock-up
MOV00000696,2026-04-01,SKU01174,WH004,receipt,117,PO_INIT_WH004,Initial stock-up
MOV00000697,2026-04-01,SKU01175,WH001,receipt,147,PO_INIT_WH001,Initial stock-up
MOV00000698,2026-04-01,SKU01175,WH002,receipt,175,PO_INIT_WH002,Initial stock-up
MOV00000699,2026-04-01,SKU01175,WH003,receipt,139,PO_INIT_WH003,Initial stock-up
MOV00000700,2026-04-01,SKU01175,WH004,receipt,97,PO_INIT_WH004,Initial stock-up
MOV00000701,2026-04-01,SKU01176,WH001,receipt,160,PO_INIT_WH001,Initial stock-up
MOV00000702,2026-04-01,SKU01176,WH002,receipt,151,PO_INIT_WH002,Initial stock-up
MOV00000703,2026-04-01,SKU01176,WH003,receipt,181,PO_INIT_WH003,Initial stock-up
MOV00000704,2026-04-01,SKU01176,WH004,receipt,73,PO_INIT_WH004,Initial stock-up
MOV00000705,2026-04-01,SKU01177,WH001,receipt,193,PO_INIT_WH001,Initial stock-up
MOV00000706,2026-04-01,SKU01177,WH002,receipt,181,PO_INIT_WH002,Initial stock-up
MOV00000707,2026-04-01,SKU01177,WH003,receipt,82,PO_INIT_WH003,Initial stock-up
MOV00000708,2026-04-01,SKU01177,WH004,receipt,53,PO_INIT_WH004,Initial stock-up
MOV00000709,2026-04-01,SKU01178,WH001,receipt,139,PO_INIT_WH001,Initial stock-up
MOV00000710,2026-04-01,SKU01178,WH002,receipt,95,PO_INIT_WH002,Initial stock-up
MOV00000711,2026-04-01,SKU01178,WH003,receipt,111,PO_INIT_WH003,Initial stock-up
MOV00000712,2026-04-01,SKU01178,WH004,receipt,64,PO_INIT_WH004,Initial stock-up
MOV00000713,2026-04-01,SKU01179,WH001,receipt,51,PO_INIT_WH001,Initial stock-up
MOV00000714,2026-04-01,SKU01179,WH002,receipt,107,PO_INIT_WH002,Initial stock-up
MOV00000715,2026-04-01,SKU01179,WH003,receipt,118,PO_INIT_WH003,Initial stock-up
MOV00000716,2026-04-01,SKU01179,WH004,receipt,96,PO_INIT_WH004,Initial stock-up
MOV00000717,2026-04-01,SKU01180,WH001,receipt,65,PO_INIT_WH001,Initial stock-up
MOV00000718,2026-04-01,SKU01180,WH002,receipt,70,PO_INIT_WH002,Initial stock-up
MOV00000719,2026-04-01,SKU01180,WH003,receipt,80,PO_INIT_WH003,Initial stock-up
MOV00000720,2026-04-01,SKU01180,WH004,receipt,74,PO_INIT_WH004,Initial stock-up
MOV00000721,2026-04-01,SKU01181,WH001,receipt,197,PO_INIT_WH001,Initial stock-up
MOV00000722,2026-04-01,SKU01181,WH002,receipt,189,PO_INIT_WH002,Initial stock-up
MOV00000723,2026-04-01,SKU01181,WH003,receipt,96,PO_INIT_WH003,Initial stock-up
MOV00000724,2026-04-01,SKU01181,WH004,receipt,181,PO_INIT_WH004,Initial stock-up
MOV00000725,2026-04-01,SKU01182,WH001,receipt,84,PO_INIT_WH001,Initial stock-up
MOV00000726,2026-04-01,SKU01182,WH002,receipt,79,PO_INIT_WH002,Initial stock-up
MOV00000727,2026-04-01,SKU01182,WH003,receipt,127,PO_INIT_WH003,Initial stock-up
MOV00000728,2026-04-01,SKU01182,WH004,receipt,164,PO_INIT_WH004,Initial stock-up
MOV00000729,2026-04-01,SKU01183,WH001,receipt,128,PO_INIT_WH001,Initial stock-up
MOV00000730,2026-04-01,SKU01183,WH002,receipt,95,PO_INIT_WH002,Initial stock-up
MOV00000731,2026-04-01,SKU01183,WH003,receipt,104,PO_INIT_WH003,Initial stock-up
MOV00000732,2026-04-01,SKU01183,WH004,receipt,71,PO_INIT_WH004,Initial stock-up
MOV00000733,2026-04-01,SKU01184,WH001,receipt,95,PO_INIT_WH001,Initial stock-up
MOV00000734,2026-04-01,SKU01184,WH002,receipt,89,PO_INIT_WH002,Initial stock-up
MOV00000735,2026-04-01,SKU01184,WH003,receipt,83,PO_INIT_WH003,Initial stock-up
MOV00000736,2026-04-01,SKU01184,WH004,receipt,124,PO_INIT_WH004,Initial stock-up
MOV00000737,2026-04-01,SKU01185,WH001,receipt,51,PO_INIT_WH001,Initial stock-up
MOV00000738,2026-04-01,SKU01185,WH002,receipt,150,PO_INIT_WH002,Initial stock-up
MOV00000739,2026-04-01,SKU01185,WH003,receipt,111,PO_INIT_WH003,Initial stock-up
MOV00000740,2026-04-01,SKU01185,WH004,receipt,122,PO_INIT_WH004,Initial stock-up
MOV00000741,2026-04-01,SKU01186,WH001,receipt,135,PO_INIT_WH001,Initial stock-up
MOV00000742,2026-04-01,SKU01186,WH002,receipt,60,PO_INIT_WH002,Initial stock-up
MOV00000743,2026-04-01,SKU01186,WH003,receipt,184,PO_INIT_WH003,Initial stock-up
MOV00000744,2026-04-01,SKU01186,WH004,receipt,67,PO_INIT_WH004,Initial stock-up
MOV00000745,2026-04-01,SKU01187,WH001,receipt,94,PO_INIT_WH001,Initial stock-up
MOV00000746,2026-04-01,SKU01187,WH002,receipt,163,PO_INIT_WH002,Initial stock-up
MOV00000747,2026-04-01,SKU01187,WH003,receipt,153,PO_INIT_WH003,Initial stock-up
MOV00000748,2026-04-01,SKU01187,WH004,receipt,130,PO_INIT_WH004,Initial stock-up
MOV00000749,2026-04-01,SKU01188,WH001,receipt,87,PO_INIT_WH001,Initial stock-up
MOV00000750,2026-04-01,SKU01188,WH002,receipt,195,PO_INIT_WH002,Initial stock-up
MOV00000751,2026-04-01,SKU01188,WH003,receipt,150,PO_INIT_WH003,Initial stock-up
MOV00000752,2026-04-01,SKU01188,WH004,receipt,173,PO_INIT_WH004,Initial stock-up
MOV00000753,2026-04-01,SKU01189,WH001,receipt,182,PO_INIT_WH001,Initial stock-up
MOV00000754,2026-04-01,SKU01189,WH002,receipt,91,PO_INIT_WH002,Initial stock-up
MOV00000755,2026-04-01,SKU01189,WH003,receipt,148,PO_INIT_WH003,Initial stock-up
MOV00000756,2026-04-01,SKU01189,WH004,receipt,70,PO_INIT_WH004,Initial stock-up
MOV00000757,2026-04-01,SKU01190,WH001,receipt,173,PO_INIT_WH001,Initial stock-up
MOV00000758,2026-04-01,SKU01190,WH002,receipt,91,PO_INIT_WH002,Initial stock-up
MOV00000759,2026-04-01,SKU01190,WH003,receipt,185,PO_INIT_WH003,Initial stock-up
MOV00000760,2026-04-01,SKU01190,WH004,receipt,81,PO_INIT_WH004,Initial stock-up
MOV00000761,2026-04-01,SKU01191,WH001,receipt,167,PO_INIT_WH001,Initial stock-up
MOV00000762,2026-04-01,SKU01191,WH002,receipt,79,PO_INIT_WH002,Initial stock-up
MOV00000763,2026-04-01,SKU01191,WH003,receipt,142,PO_INIT_WH003,Initial stock-up
MOV00000764,2026-04-01,SKU01191,WH004,receipt,168,PO_INIT_WH004,Initial stock-up
MOV00000765,2026-04-01,SKU01192,WH001,receipt,74,PO_INIT_WH001,Initial stock-up
MOV00000766,2026-04-01,SKU01192,WH002,receipt,120,PO_INIT_WH002,Initial stock-up
MOV00000767,2026-04-01,SKU01192,WH003,receipt,189,PO_INIT_WH003,Initial stock-up
MOV00000768,2026-04-01,SKU01192,WH004,receipt,115,PO_INIT_WH004,Initial stock-up
MOV00000769,2026-04-01,SKU01193,WH001,receipt,152,PO_INIT_WH001,Initial stock-up
MOV00000770,2026-04-01,SKU01193,WH002,receipt,80,PO_INIT_WH002,Initial stock-up
MOV00000771,2026-04-01,SKU01193,WH003,receipt,53,PO_INIT_WH003,Initial stock-up
MOV00000772,2026-04-01,SKU01193,WH004,receipt,129,PO_INIT_WH004,Initial stock-up
MOV00000773,2026-04-01,SKU01194,WH001,receipt,174,PO_INIT_WH001,Initial stock-up
MOV00000774,2026-04-01,SKU01194,WH002,receipt,124,PO_INIT_WH002,Initial stock-up
MOV00000775,2026-04-01,SKU01194,WH003,receipt,159,PO_INIT_WH003,Initial stock-up
MOV00000776,2026-04-01,SKU01194,WH004,receipt,99,PO_INIT_WH004,Initial stock-up
MOV00000777,2026-04-01,SKU01195,WH001,receipt,195,PO_INIT_WH001,Initial stock-up
MOV00000778,2026-04-01,SKU01195,WH002,receipt,188,PO_INIT_WH002,Initial stock-up
MOV00000779,2026-04-01,SKU01195,WH003,receipt,96,PO_INIT_WH003,Initial stock-up
MOV00000780,2026-04-01,SKU01195,WH004,receipt,54,PO_INIT_WH004,Initial stock-up
MOV00000781,2026-04-01,SKU01196,WH001,receipt,147,PO_INIT_WH001,Initial stock-up
MOV00000782,2026-04-01,SKU01196,WH002,receipt,182,PO_INIT_WH002,Initial stock-up
MOV00000783,2026-04-01,SKU01196,WH003,receipt,131,PO_INIT_WH003,Initial stock-up
MOV00000784,2026-04-01,SKU01196,WH004,receipt,190,PO_INIT_WH004,Initial stock-up
MOV00000785,2026-04-01,SKU01197,WH001,receipt,100,PO_INIT_WH001,Initial stock-up
MOV00000786,2026-04-01,SKU01197,WH002,receipt,109,PO_INIT_WH002,Initial stock-up
MOV00000787,2026-04-01,SKU01197,WH003,receipt,92,PO_INIT_WH003,Initial stock-up
MOV00000788,2026-04-01,SKU01197,WH004,receipt,65,PO_INIT_WH004,Initial stock-up
MOV00000789,2026-04-01,SKU01198,WH001,receipt,67,PO_INIT_WH001,Initial stock-up
MOV00000790,2026-04-01,SKU01198,WH002,receipt,61,PO_INIT_WH002,Initial stock-up
MOV00000791,2026-04-01,SKU01198,WH003,receipt,108,PO_INIT_WH003,Initial stock-up
MOV00000792,2026-04-01,SKU01198,WH004,receipt,60,PO_INIT_WH004,Initial stock-up
MOV00000793,2026-04-01,SKU01199,WH001,receipt,153,PO_INIT_WH001,Initial stock-up
MOV00000794,2026-04-01,SKU01199,WH002,receipt,102,PO_INIT_WH002,Initial stock-up
MOV00000795,2026-04-01,SKU01199,WH003,receipt,105,PO_INIT_WH003,Initial stock-up
MOV00000796,2026-04-01,SKU01199,WH004,receipt,74,PO_INIT_WH004,Initial stock-up
MOV00000797,2026-04-01,SKU01200,WH001,receipt,193,PO_INIT_WH001,Initial stock-up
MOV00000798,2026-04-01,SKU01200,WH002,receipt,82,PO_INIT_WH002,Initial stock-up
MOV00000799,2026-04-01,SKU01200,WH003,receipt,98,PO_INIT_WH003,Initial stock-up
MOV00000800,2026-04-01,SKU01200,WH004,receipt,182,PO_INIT_WH004,Initial stock-up
MOV00000801,2026-04-01,SKU01201,WH001,receipt,81,PO_INIT_WH001,Initial stock-up
MOV00000802,2026-04-01,SKU01201,WH002,receipt,122,PO_INIT_WH002,Initial stock-up
MOV00000803,2026-04-01,SKU01201,WH003,receipt,153,PO_INIT_WH003,Initial stock-up
MOV00000804,2026-04-01,SKU01201,WH004,receipt,175,PO_INIT_WH004,Initial stock-up
MOV00000805,2026-04-01,SKU01202,WH001,receipt,134,PO_INIT_WH001,Initial stock-up
MOV00000806,2026-04-01,SKU01202,WH002,receipt,92,PO_INIT_WH002,Initial stock-up
MOV00000807,2026-04-01,SKU01202,WH003,receipt,164,PO_INIT_WH003,Initial stock-up
MOV00000808,2026-04-01,SKU01202,WH004,receipt,101,PO_INIT_WH004,Initial stock-up
MOV00000809,2026-04-01,SKU01203,WH001,receipt,137,PO_INIT_WH001,Initial stock-up
MOV00000810,2026-04-01,SKU01203,WH002,receipt,131,PO_INIT_WH002,Initial stock-up
MOV00000811,2026-04-01,SKU01203,WH003,receipt,113,PO_INIT_WH003,Initial stock-up
MOV00000812,2026-04-01,SKU01203,WH004,receipt,162,PO_INIT_WH004,Initial stock-up
MOV00000813,2026-04-01,SKU01204,WH001,receipt,82,PO_INIT_WH001,Initial stock-up
MOV00000814,2026-04-01,SKU01204,WH002,receipt,121,PO_INIT_WH002,Initial stock-up
MOV00000815,2026-04-01,SKU01204,WH003,receipt,133,PO_INIT_WH003,Initial stock-up
MOV00000816,2026-04-01,SKU01204,WH004,receipt,77,PO_INIT_WH004,Initial stock-up
MOV00000817,2026-04-01,SKU01205,WH001,receipt,114,PO_INIT_WH001,Initial stock-up
MOV00000818,2026-04-01,SKU01205,WH002,receipt,189,PO_INIT_WH002,Initial stock-up
MOV00000819,2026-04-01,SKU01205,WH003,receipt,130,PO_INIT_WH003,Initial stock-up
MOV00000820,2026-04-01,SKU01205,WH004,receipt,181,PO_INIT_WH004,Initial stock-up
MOV00000821,2026-04-01,SKU01206,WH001,receipt,198,PO_INIT_WH001,Initial stock-up
MOV00000822,2026-04-01,SKU01206,WH002,receipt,177,PO_INIT_WH002,Initial stock-up
MOV00000823,2026-04-01,SKU01206,WH003,receipt,78,PO_INIT_WH003,Initial stock-up
MOV00000824,2026-04-01,SKU01206,WH004,receipt,119,PO_INIT_WH004,Initial stock-up
MOV00000825,2026-04-01,SKU01207,WH001,receipt,134,PO_INIT_WH001,Initial stock-up
MOV00000826,2026-04-01,SKU01207,WH002,receipt,188,PO_INIT_WH002,Initial stock-up
MOV00000827,2026-04-01,SKU01207,WH003,receipt,197,PO_INIT_WH003,Initial stock-up
MOV00000828,2026-04-01,SKU01207,WH004,receipt,159,PO_INIT_WH004,Initial stock-up
MOV00000829,2026-04-01,SKU01208,WH001,receipt,78,PO_INIT_WH001,Initial stock-up
MOV00000830,2026-04-01,SKU01208,WH002,receipt,195,PO_INIT_WH002,Initial stock-up
MOV00000831,2026-04-01,SKU01208,WH003,receipt,57,PO_INIT_WH003,Initial stock-up
MOV00000832,2026-04-01,SKU01208,WH004,receipt,76,PO_INIT_WH004,Initial stock-up
MOV00000833,2026-04-01,SKU01209,WH001,receipt,64,PO_INIT_WH001,Initial stock-up
MOV00000834,2026-04-01,SKU01209,WH002,receipt,195,PO_INIT_WH002,Initial stock-up
MOV00000835,2026-04-01,SKU01209,WH003,receipt,160,PO_INIT_WH003,Initial stock-up
MOV00000836,2026-04-01,SKU01209,WH004,receipt,81,PO_INIT_WH004,Initial stock-up
MOV00000837,2026-04-01,SKU01210,WH001,receipt,152,PO_INIT_WH001,Initial stock-up
MOV00000838,2026-04-01,SKU01210,WH002,receipt,125,PO_INIT_WH002,Initial stock-up
MOV00000839,2026-04-01,SKU01210,WH003,receipt,196,PO_INIT_WH003,Initial stock-up
MOV00000840,2026-04-01,SKU01210,WH004,receipt,54,PO_INIT_WH004,Initial stock-up
MOV00000841,2026-04-01,SKU01211,WH001,receipt,87,PO_INIT_WH001,Initial stock-up
MOV00000842,2026-04-01,SKU01211,WH002,receipt,81,PO_INIT_WH002,Initial stock-up
MOV00000843,2026-04-01,SKU01211,WH003,receipt,53,PO_INIT_WH003,Initial stock-up
MOV00000844,2026-04-01,SKU01211,WH004,receipt,169,PO_INIT_WH004,Initial stock-up
MOV00000845,2026-04-01,SKU01212,WH001,receipt,153,PO_INIT_WH001,Initial stock-up
MOV00000846,2026-04-01,SKU01212,WH002,receipt,184,PO_INIT_WH002,Initial stock-up
MOV00000847,2026-04-01,SKU01212,WH003,receipt,126,PO_INIT_WH003,Initial stock-up
MOV00000848,2026-04-01,SKU01212,WH004,receipt,183,PO_INIT_WH004,Initial stock-up
MOV00000849,2026-04-01,SKU01213,WH001,receipt,163,PO_INIT_WH001,Initial stock-up
MOV00000850,2026-04-01,SKU01213,WH002,receipt,172,PO_INIT_WH002,Initial stock-up
MOV00000851,2026-04-01,SKU01213,WH003,receipt,100,PO_INIT_WH003,Initial stock-up
MOV00000852,2026-04-01,SKU01213,WH004,receipt,89,PO_INIT_WH004,Initial stock-up
MOV00000853,2026-04-01,SKU01214,WH001,receipt,167,PO_INIT_WH001,Initial stock-up
MOV00000854,2026-04-01,SKU01214,WH002,receipt,78,PO_INIT_WH002,Initial stock-up
MOV00000855,2026-04-01,SKU01214,WH003,receipt,183,PO_INIT_WH003,Initial stock-up
MOV00000856,2026-04-01,SKU01214,WH004,receipt,136,PO_INIT_WH004,Initial stock-up
MOV00000857,2026-04-01,SKU01215,WH001,receipt,96,PO_INIT_WH001,Initial stock-up
MOV00000858,2026-04-01,SKU01215,WH002,receipt,131,PO_INIT_WH002,Initial stock-up
MOV00000859,2026-04-01,SKU01215,WH003,receipt,133,PO_INIT_WH003,Initial stock-up
MOV00000860,2026-04-01,SKU01215,WH004,receipt,53,PO_INIT_WH004,Initial stock-up
MOV00000861,2026-04-01,SKU01216,WH001,receipt,153,PO_INIT_WH001,Initial stock-up
MOV00000862,2026-04-01,SKU01216,WH002,receipt,70,PO_INIT_WH002,Initial stock-up
MOV00000863,2026-04-01,SKU01216,WH003,receipt,161,PO_INIT_WH003,Initial stock-up
MOV00000864,2026-04-01,SKU01216,WH004,receipt,148,PO_INIT_WH004,Initial stock-up
MOV00000865,2026-04-01,SKU01217,WH001,receipt,133,PO_INIT_WH001,Initial stock-up
MOV00000866,2026-04-01,SKU01217,WH002,receipt,194,PO_INIT_WH002,Initial stock-up
MOV00000867,2026-04-01,SKU01217,WH003,receipt,96,PO_INIT_WH003,Initial stock-up
MOV00000868,2026-04-01,SKU01217,WH004,receipt,138,PO_INIT_WH004,Initial stock-up
MOV00000869,2026-04-01,SKU01218,WH001,receipt,152,PO_INIT_WH001,Initial stock-up
MOV00000870,2026-04-01,SKU01218,WH002,receipt,83,PO_INIT_WH002,Initial stock-up
MOV00000871,2026-04-01,SKU01218,WH003,receipt,60,PO_INIT_WH003,Initial stock-up
MOV00000872,2026-04-01,SKU01218,WH004,receipt,130,PO_INIT_WH004,Initial stock-up
MOV00000873,2026-04-01,SKU01219,WH001,receipt,124,PO_INIT_WH001,Initial stock-up
MOV00000874,2026-04-01,SKU01219,WH002,receipt,172,PO_INIT_WH002,Initial stock-up
MOV00000875,2026-04-01,SKU01219,WH003,receipt,173,PO_INIT_WH003,Initial stock-up
MOV00000876,2026-04-01,SKU01219,WH004,receipt,79,PO_INIT_WH004,Initial stock-up
MOV00000877,2026-04-01,SKU01220,WH001,receipt,55,PO_INIT_WH001,Initial stock-up
MOV00000878,2026-04-01,SKU01220,WH002,receipt,170,PO_INIT_WH002,Initial stock-up
MOV00000879,2026-04-01,SKU01220,WH003,receipt,194,PO_INIT_WH003,Initial stock-up
MOV00000880,2026-04-01,SKU01220,WH004,receipt,79,PO_INIT_WH004,Initial stock-up
MOV00000881,2026-04-01,SKU01221,WH001,receipt,104,PO_INIT_WH001,Initial stock-up
MOV00000882,2026-04-01,SKU01221,WH002,receipt,61,PO_INIT_WH002,Initial stock-up
MOV00000883,2026-04-01,SKU01221,WH003,receipt,61,PO_INIT_WH003,Initial stock-up
MOV00000884,2026-04-01,SKU01221,WH004,receipt,92,PO_INIT_WH004,Initial stock-up
MOV00000885,2026-04-01,SKU01222,WH001,receipt,95,PO_INIT_WH001,Initial stock-up
MOV00000886,2026-04-01,SKU01222,WH002,receipt,71,PO_INIT_WH002,Initial stock-up
MOV00000887,2026-04-01,SKU01222,WH003,receipt,81,PO_INIT_WH003,Initial stock-up
MOV00000888,2026-04-01,SKU01222,WH004,receipt,129,PO_INIT_WH004,Initial stock-up
MOV00000889,2026-04-01,SKU01223,WH001,receipt,130,PO_INIT_WH001,Initial stock-up
MOV00000890,2026-04-01,SKU01223,WH002,receipt,63,PO_INIT_WH002,Initial stock-up
MOV00000891,2026-04-01,SKU01223,WH003,receipt,103,PO_INIT_WH003,Initial stock-up
MOV00000892,2026-04-01,SKU01223,WH004,receipt,181,PO_INIT_WH004,Initial stock-up
MOV00000893,2026-04-01,SKU01224,WH001,receipt,194,PO_INIT_WH001,Initial stock-up
MOV00000894,2026-04-01,SKU01224,WH002,receipt,124,PO_INIT_WH002,Initial stock-up
MOV00000895,2026-04-01,SKU01224,WH003,receipt,195,PO_INIT_WH003,Initial stock-up
MOV00000896,2026-04-01,SKU01224,WH004,receipt,186,PO_INIT_WH004,Initial stock-up
MOV00000897,2026-04-01,SKU01225,WH001,receipt,98,PO_INIT_WH001,Initial stock-up
MOV00000898,2026-04-01,SKU01225,WH002,receipt,162,PO_INIT_WH002,Initial stock-up
MOV00000899,2026-04-01,SKU01225,WH003,receipt,67,PO_INIT_WH003,Initial stock-up
MOV00000900,2026-04-01,SKU01225,WH004,receipt,69,PO_INIT_WH004,Initial stock-up
MOV00000901,2026-04-01,SKU01226,WH001,receipt,139,PO_INIT_WH001,Initial stock-up
MOV00000902,2026-04-01,SKU01226,WH002,receipt,185,PO_INIT_WH002,Initial stock-up
MOV00000903,2026-04-01,SKU01226,WH003,receipt,148,PO_INIT_WH003,Initial stock-up
MOV00000904,2026-04-01,SKU01226,WH004,receipt,188,PO_INIT_WH004,Initial stock-up
MOV00000905,2026-04-01,SKU01227,WH001,receipt,110,PO_INIT_WH001,Initial stock-up
MOV00000906,2026-04-01,SKU01227,WH002,receipt,58,PO_INIT_WH002,Initial stock-up
MOV00000907,2026-04-01,SKU01227,WH003,receipt,121,PO_INIT_WH003,Initial stock-up
MOV00000908,2026-04-01,SKU01227,WH004,receipt,51,PO_INIT_WH004,Initial stock-up
MOV00000909,2026-04-01,SKU01228,WH001,receipt,71,PO_INIT_WH001,Initial stock-up
MOV00000910,2026-04-01,SKU01228,WH002,receipt,52,PO_INIT_WH002,Initial stock-up
MOV00000911,2026-04-01,SKU01228,WH003,receipt,72,PO_INIT_WH003,Initial stock-up
MOV00000912,2026-04-01,SKU01228,WH004,receipt,134,PO_INIT_WH004,Initial stock-up
MOV00000913,2026-04-01,SKU01229,WH001,receipt,58,PO_INIT_WH001,Initial stock-up
MOV00000914,2026-04-01,SKU01229,WH002,receipt,126,PO_INIT_WH002,Initial stock-up
MOV00000915,2026-04-01,SKU01229,WH003,receipt,59,PO_INIT_WH003,Initial stock-up
MOV00000916,2026-04-01,SKU01229,WH004,receipt,139,PO_INIT_WH004,Initial stock-up
MOV00000917,2026-04-01,SKU01230,WH001,receipt,199,PO_INIT_WH001,Initial stock-up
MOV00000918,2026-04-01,SKU01230,WH002,receipt,131,PO_INIT_WH002,Initial stock-up
MOV00000919,2026-04-01,SKU01230,WH003,receipt,97,PO_INIT_WH003,Initial stock-up
MOV00000920,2026-04-01,SKU01230,WH004,receipt,82,PO_INIT_WH004,Initial stock-up
MOV00000921,2026-04-01,SKU01231,WH001,receipt,157,PO_INIT_WH001,Initial stock-up
MOV00000922,2026-04-01,SKU01231,WH002,receipt,139,PO_INIT_WH002,Initial stock-up
MOV00000923,2026-04-01,SKU01231,WH003,receipt,120,PO_INIT_WH003,Initial stock-up
MOV00000924,2026-04-01,SKU01231,WH004,receipt,96,PO_INIT_WH004,Initial stock-up
MOV00000925,2026-04-01,SKU01232,WH001,receipt,136,PO_INIT_WH001,Initial stock-up
MOV00000926,2026-04-01,SKU01232,WH002,receipt,84,PO_INIT_WH002,Initial stock-up
MOV00000927,2026-04-01,SKU01232,WH003,receipt,75,PO_INIT_WH003,Initial stock-up
MOV00000928,2026-04-01,SKU01232,WH004,receipt,132,PO_INIT_WH004,Initial stock-up
MOV00000929,2026-04-01,SKU01233,WH001,receipt,142,PO_INIT_WH001,Initial stock-up
MOV00000930,2026-04-01,SKU01233,WH002,receipt,171,PO_INIT_WH002,Initial stock-up
MOV00000931,2026-04-01,SKU01233,WH003,receipt,176,PO_INIT_WH003,Initial stock-up
MOV00000932,2026-04-01,SKU01233,WH004,receipt,61,PO_INIT_WH004,Initial stock-up
MOV00000933,2026-04-01,SKU01234,WH001,receipt,146,PO_INIT_WH001,Initial stock-up
MOV00000934,2026-04-01,SKU01234,WH002,receipt,155,PO_INIT_WH002,Initial stock-up
MOV00000935,2026-04-01,SKU01234,WH003,receipt,131,PO_INIT_WH003,Initial stock-up
MOV00000936,2026-04-01,SKU01234,WH004,receipt,182,PO_INIT_WH004,Initial stock-up
MOV00000937,2026-04-01,SKU01235,WH001,receipt,132,PO_INIT_WH001,Initial stock-up
MOV00000938,2026-04-01,SKU01235,WH002,receipt,175,PO_INIT_WH002,Initial stock-up
MOV00000939,2026-04-01,SKU01235,WH003,receipt,70,PO_INIT_WH003,Initial stock-up
MOV00000940,2026-04-01,SKU01235,WH004,receipt,188,PO_INIT_WH004,Initial stock-up
MOV00000941,2026-04-01,SKU01236,WH001,receipt,51,PO_INIT_WH001,Initial stock-up
MOV00000942,2026-04-01,SKU01236,WH002,receipt,123,PO_INIT_WH002,Initial stock-up
MOV00000943,2026-04-01,SKU01236,WH003,receipt,78,PO_INIT_WH003,Initial stock-up
MOV00000944,2026-04-01,SKU01236,WH004,receipt,62,PO_INIT_WH004,Initial stock-up
MOV00000945,2026-04-01,SKU01237,WH001,receipt,122,PO_INIT_WH001,Initial stock-up
MOV00000946,2026-04-01,SKU01237,WH002,receipt,94,PO_INIT_WH002,Initial stock-up
MOV00000947,2026-04-01,SKU01237,WH003,receipt,122,PO_INIT_WH003,Initial stock-up
MOV00000948,2026-04-01,SKU01237,WH004,receipt,199,PO_INIT_WH004,Initial stock-up
MOV00000949,2026-04-01,SKU01238,WH001,receipt,99,PO_INIT_WH001,Initial stock-up
MOV00000950,2026-04-01,SKU01238,WH002,receipt,126,PO_INIT_WH002,Initial stock-up
MOV00000951,2026-04-01,SKU01238,WH003,receipt,73,PO_INIT_WH003,Initial stock-up
MOV00000952,2026-04-01,SKU01238,WH004,receipt,101,PO_INIT_WH004,Initial stock-up
MOV00000953,2026-04-01,SKU01239,WH001,receipt,189,PO_INIT_WH001,Initial stock-up
MOV00000954,2026-04-01,SKU01239,WH002,receipt,99,PO_INIT_WH002,Initial stock-up
MOV00000955,2026-04-01,SKU01239,WH003,receipt,90,PO_INIT_WH003,Initial stock-up
MOV00000956,2026-04-01,SKU01239,WH004,receipt,62,PO_INIT_WH004,Initial stock-up
MOV00000957,2026-04-01,SKU01240,WH001,receipt,111,PO_INIT_WH001,Initial stock-up
MOV00000958,2026-04-01,SKU01240,WH002,receipt,62,PO_INIT_WH002,Initial stock-up
MOV00000959,2026-04-01,SKU01240,WH003,receipt,69,PO_INIT_WH003,Initial stock-up
MOV00000960,2026-04-01,SKU01240,WH004,receipt,109,PO_INIT_WH004,Initial stock-up
MOV00000961,2026-04-01,SKU01241,WH001,receipt,122,PO_INIT_WH001,Initial stock-up
MOV00000962,2026-04-01,SKU01241,WH002,receipt,66,PO_INIT_WH002,Initial stock-up
MOV00000963,2026-04-01,SKU01241,WH003,receipt,86,PO_INIT_WH003,Initial stock-up
MOV00000964,2026-04-01,SKU01241,WH004,receipt,158,PO_INIT_WH004,Initial stock-up
MOV00000965,2026-04-01,SKU01242,WH001,receipt,128,PO_INIT_WH001,Initial stock-up
MOV00000966,2026-04-01,SKU01242,WH002,receipt,190,PO_INIT_WH002,Initial stock-up
MOV00000967,2026-04-01,SKU01242,WH003,receipt,200,PO_INIT_WH003,Initial stock-up
MOV00000968,2026-04-01,SKU01242,WH004,receipt,156,PO_INIT_WH004,Initial stock-up
MOV00000969,2026-04-01,SKU01243,WH001,receipt,159,PO_INIT_WH001,Initial stock-up
MOV00000970,2026-04-01,SKU01243,WH002,receipt,179,PO_INIT_WH002,Initial stock-up
MOV00000971,2026-04-01,SKU01243,WH003,receipt,133,PO_INIT_WH003,Initial stock-up
MOV00000972,2026-04-01,SKU01243,WH004,receipt,188,PO_INIT_WH004,Initial stock-up
MOV00000973,2026-04-01,SKU01244,WH001,receipt,141,PO_INIT_WH001,Initial stock-up
MOV00000974,2026-04-01,SKU01244,WH002,receipt,109,PO_INIT_WH002,Initial stock-up
MOV00000975,2026-04-01,SKU01244,WH003,receipt,64,PO_INIT_WH003,Initial stock-up
MOV00000976,2026-04-01,SKU01244,WH004,receipt,169,PO_INIT_WH004,Initial stock-up
MOV00000977,2026-04-01,SKU01245,WH001,receipt,185,PO_INIT_WH001,Initial stock-up
MOV00000978,2026-04-01,SKU01245,WH002,receipt,103,PO_INIT_WH002,Initial stock-up
MOV00000979,2026-04-01,SKU01245,WH003,receipt,105,PO_INIT_WH003,Initial stock-up
MOV00000980,2026-04-01,SKU01245,WH004,receipt,143,PO_INIT_WH004,Initial stock-up
MOV00000981,2026-04-01,SKU01246,WH001,receipt,128,PO_INIT_WH001,Initial stock-up
MOV00000982,2026-04-01,SKU01246,WH002,receipt,116,PO_INIT_WH002,Initial stock-up
MOV00000983,2026-04-01,SKU01246,WH003,receipt,109,PO_INIT_WH003,Initial stock-up
MOV00000984,2026-04-01,SKU01246,WH004,receipt,114,PO_INIT_WH004,Initial stock-up
MOV00000985,2026-04-01,SKU01247,WH001,receipt,73,PO_INIT_WH001,Initial stock-up
MOV00000986,2026-04-01,SKU01247,WH002,receipt,58,PO_INIT_WH002,Initial stock-up
MOV00000987,2026-04-01,SKU01247,WH003,receipt,132,PO_INIT_WH003,Initial stock-up
MOV00000988,2026-04-01,SKU01247,WH004,receipt,152,PO_INIT_WH004,Initial stock-up
MOV00000989,2026-04-01,SKU01248,WH001,receipt,140,PO_INIT_WH001,Initial stock-up
MOV00000990,2026-04-01,SKU01248,WH002,receipt,165,PO_INIT_WH002,Initial stock-up
MOV00000991,2026-04-01,SKU01248,WH003,receipt,122,PO_INIT_WH003,Initial stock-up
MOV00000992,2026-04-01,SKU01248,WH004,receipt,178,PO_INIT_WH004,Initial stock-up
MOV00000993,2026-04-01,SKU01249,WH001,receipt,71,PO_INIT_WH001,Initial stock-up
MOV00000994,2026-04-01,SKU01249,WH002,receipt,79,PO_INIT_WH002,Initial stock-up
MOV00000995,2026-04-01,SKU01249,WH003,receipt,76,PO_INIT_WH003,Initial stock-up
MOV00000996,2026-04-01,SKU01249,WH004,receipt,62,PO_INIT_WH004,Initial stock-up
MOV00000997,2026-04-01,SKU01250,WH001,receipt,126,PO_INIT_WH001,Initial stock-up
MOV00000998,2026-04-01,SKU01250,WH002,receipt,92,PO_INIT_WH002,Initial stock-up
MOV00000999,2026-04-01,SKU01250,WH003,receipt,181,PO_INIT_WH003,Initial stock-up
MOV00001000,2026-04-01,SKU01250,WH004,receipt,141,PO_INIT_WH004,Initial stock-up
MOV00001001,2026-04-01,SKU01251,WH001,receipt,89,PO_INIT_WH001,Initial stock-up
MOV00001002,2026-04-01,SKU01251,WH002,receipt,145,PO_INIT_WH002,Initial stock-up
MOV00001003,2026-04-01,SKU01251,WH003,receipt,179,PO_INIT_WH003,Initial stock-up
MOV00001004,2026-04-01,SKU01251,WH004,receipt,128,PO_INIT_WH004,Initial stock-up
MOV00001005,2026-04-01,SKU01252,WH001,receipt,60,PO_INIT_WH001,Initial stock-up
MOV00001006,2026-04-01,SKU01252,WH002,receipt,106,PO_INIT_WH002,Initial stock-up
MOV00001007,2026-04-01,SKU01252,WH003,receipt,113,PO_INIT_WH003,Initial stock-up
MOV00001008,2026-04-01,SKU01252,WH004,receipt,101,PO_INIT_WH004,Initial stock-up
MOV00001009,2026-04-01,SKU01253,WH001,receipt,82,PO_INIT_WH001,Initial stock-up
MOV00001010,2026-04-01,SKU01253,WH002,receipt,65,PO_INIT_WH002,Initial stock-up
MOV00001011,2026-04-01,SKU01253,WH003,receipt,64,PO_INIT_WH003,Initial stock-up
MOV00001012,2026-04-01,SKU01253,WH004,receipt,141,PO_INIT_WH004,Initial stock-up
MOV00001013,2026-04-01,SKU01254,WH001,receipt,157,PO_INIT_WH001,Initial stock-up
MOV00001014,2026-04-01,SKU01254,WH002,receipt,90,PO_INIT_WH002,Initial stock-up
MOV00001015,2026-04-01,SKU01254,WH003,receipt,140,PO_INIT_WH003,Initial stock-up
MOV00001016,2026-04-01,SKU01254,WH004,receipt,56,PO_INIT_WH004,Initial stock-up
MOV00001017,2026-04-01,SKU01004,WH004,sale_out,-1,TXN00000237,
MOV00001018,2026-04-01,SKU01182,WH001,sale_out,-1,TXN00000326,
MOV00001019,2026-04-01,SKU01215,WH001,sale_out,-2,TXN00000482,
MOV00001020,2026-04-01,SKU01192,WH001,receipt,1,TXN00000102,Customer return
MOV00001021,2026-04-01,SKU01203,WH001,sale_out,-1,TXN00000595,
MOV00001022,2026-04-01,SKU01048,WH001,sale_out,-1,TXN00000130,
MOV00001023,2026-04-01,SKU01029,WH001,sale_out,-1,TXN00000129,
MOV00001024,2026-04-01,SKU01239,WH001,sale_out,-1,TXN00000554,
MOV00001025,2026-04-01,SKU01121,WH003,receipt,1,TXN00000231,Customer return
MOV00001026,2026-04-01,SKU01002,WH001,sale_out,-1,TXN00000099,
MOV00001027,2026-04-01,SKU01248,WH004,sale_out,-1,TXN00000068,
MOV00001028,2026-04-01,SKU01209,WH001,sale_out,-3,TXN00000559,
MOV00001029,2026-04-01,SKU01178,WH001,sale_out,-1,TXN00000022,
MOV00001030,2026-04-01,SKU01165,WH001,sale_out,-1,TXN00000249,
MOV00001031,2026-04-01,SKU01165,WH001,sale_out,-1,TXN00000024,
MOV00001032,2026-04-01,SKU01082,WH001,sale_out,-1,TXN00000596,
MOV00001033,2026-04-01,SKU01116,WH001,sale_out,-1,TXN00000546,
MOV00001034,2026-04-01,SKU01085,WH001,sale_out,-1,TXN00000269,
MOV00001035,2026-04-01,SKU01200,WH001,receipt,1,TXN00000214,Customer return
MOV00001036,2026-04-01,SKU01001,WH002,sale_out,-2,TXN00000489,
MOV00001037,2026-04-01,SKU01010,WH001,sale_out,-3,TXN00000149,
MOV00001038,2026-04-01,SKU01001,WH003,sale_out,-1,TXN00000522,
MOV00001039,2026-04-01,SKU01041,WH004,sale_out,-1,TXN00000329,
MOV00001040,2026-04-01,SKU01066,WH001,sale_out,-1,TXN00000274,
MOV00001041,2026-04-01,SKU01112,WH001,sale_out,-1,TXN00000348,
MOV00001042,2026-04-01,SKU01173,WH001,sale_out,-1,TXN00000533,
MOV00001043,2026-04-01,SKU01177,WH003,sale_out,-1,TXN00000417,
MOV00001044,2026-04-01,SKU01156,WH001,sale_out,-3,TXN00000079,
MOV00001045,2026-04-01,SKU01087,WH004,sale_out,-1,TXN00000197,
MOV00001046,2026-04-01,SKU01044,WH001,sale_out,-1,TXN00000523,
MOV00001047,2026-04-01,SKU01171,WH001,sale_out,-1,TXN00000485,
MOV00001048,2026-04-01,SKU01109,WH002,sale_out,-1,TXN00000319,
MOV00001049,2026-04-01,SKU01177,WH002,sale_out,-1,TXN00000012,
MOV00001050,2026-04-01,SKU01237,WH001,sale_out,-1,TXN00000206,
MOV00001051,2026-04-01,SKU01121,WH001,sale_out,-1,TXN00000152,
MOV00001052,2026-04-01,SKU01158,WH001,sale_out,-1,TXN00000386,
MOV00001053,2026-04-01,SKU01013,WH001,sale_out,-1,TXN00000419,
MOV00001054,2026-04-01,SKU01172,WH001,sale_out,-1,TXN00000411,
MOV00001055,2026-04-01,SKU01089,WH001,sale_out,-1,TXN00000062,
MOV00001056,2026-04-01,SKU01116,WH004,sale_out,-2,TXN00000272,
MOV00001057,2026-04-01,SKU01039,WH003,sale_out,-1,TXN00000313,
MOV00001058,2026-04-01,SKU01111,WH001,sale_out,-1,TXN00000465,
MOV00001059,2026-04-01,SKU01147,WH004,receipt,1,TXN00000087,Customer return
MOV00001060,2026-04-01,SKU01004,WH002,sale_out,-1,TXN00000276,
MOV00001061,2026-04-01,SKU01070,WH002,sale_out,-1,TXN00000405,
MOV00001062,2026-04-01,SKU01005,WH001,sale_out,-1,TXN00000524,
MOV00001063,2026-04-01,SKU01234,WH001,sale_out,-1,TXN00000392,
MOV00001064,2026-04-01,SKU01178,WH004,sale_out,-1,TXN00000171,
MOV00001065,2026-04-01,SKU01132,WH001,sale_out,-1,TXN00000551,
MOV00001066,2026-04-01,SKU01107,WH001,sale_out,-1,TXN00000541,
MOV00001067,2026-04-01,SKU01131,WH003,sale_out,-1,TXN00000472,
MOV00001068,2026-04-01,SKU01178,WH001,sale_out,-1,TXN00000198,
MOV00001069,2026-04-01,SKU01050,WH001,sale_out,-1,TXN00000414,
MOV00001070,2026-04-01,SKU01219,WH001,sale_out,-2,TXN00000034,
MOV00001071,2026-04-01,SKU01049,WH004,sale_out,-1,TXN00000341,
MOV00001072,2026-04-01,SKU01239,WH001,sale_out,-2,TXN00000248,
MOV00001073,2026-04-01,SKU01132,WH002,sale_out,-1,TXN00000058,
MOV00001074,2026-04-01,SKU01202,WH004,receipt,1,TXN00000436,Customer return
MOV00001075,2026-04-01,SKU01106,WH003,sale_out,-1,TXN00000021,
MOV00001076,2026-04-01,SKU01137,WH002,sale_out,-1,TXN00000227,
MOV00001077,2026-04-01,SKU01096,WH004,sale_out,-1,TXN00000336,
MOV00001078,2026-04-01,SKU01168,WH004,sale_out,-1,TXN00000547,
MOV00001079,2026-04-01,SKU01185,WH004,sale_out,-1,TXN00000344,
MOV00001080,2026-04-01,SKU01178,WH004,sale_out,-1,TXN00000408,
MOV00001081,2026-04-01,SKU01167,WH001,sale_out,-3,TXN00000594,
MOV00001082,2026-04-01,SKU01176,WH001,sale_out,-1,TXN00000352,
MOV00001083,2026-04-01,SKU01234,WH004,sale_out,-2,TXN00000217,
MOV00001084,2026-04-01,SKU01228,WH001,sale_out,-1,TXN00000159,
MOV00001085,2026-04-01,SKU01093,WH001,sale_out,-1,TXN00000529,
MOV00001086,2026-04-01,SKU01027,WH003,sale_out,-1,TXN00000574,
MOV00001087,2026-04-01,SKU01118,WH001,sale_out,-2,TXN00000521,
MOV00001088,2026-04-01,SKU01214,WH001,sale_out,-1,TXN00000285,
MOV00001089,2026-04-01,SKU01237,WH004,sale_out,-1,TXN00000286,
MOV00001090,2026-04-01,SKU01061,WH001,sale_out,-1,TXN00000084,
MOV00001091,2026-04-01,SKU01092,WH003,sale_out,-1,TXN00000474,
MOV00001092,2026-04-01,SKU01237,WH004,sale_out,-1,TXN00000050,
MOV00001093,2026-04-01,SKU01059,WH001,sale_out,-1,TXN00000108,
MOV00001094,2026-04-01,SKU01067,WH001,sale_out,-1,TXN00000457,
MOV00001095,2026-04-01,SKU01157,WH003,sale_out,-1,TXN00000059,
MOV00001096,2026-04-01,SKU01064,WH002,sale_out,-1,TXN00000253,
MOV00001097,2026-04-01,SKU01127,WH003,sale_out,-1,TXN00000570,
MOV00001098,2026-04-01,SKU01243,WH004,sale_out,-1,TXN00000104,
MOV00001099,2026-04-01,SKU01131,WH001,sale_out,-3,TXN00000041,
MOV00001100,2026-04-01,SKU01001,WH002,sale_out,-1,TXN00000260,
MOV00001101,2026-04-01,SKU01094,WH001,sale_out,-1,TXN00000412,
MOV00001102,2026-04-01,SKU01202,WH001,sale_out,-1,TXN00000367,
MOV00001103,2026-04-01,SKU01133,WH001,sale_out,-2,TXN00000060,
MOV00001104,2026-04-01,SKU01168,WH001,sale_out,-1,TXN00000458,
MOV00001105,2026-04-01,SKU01052,WH001,sale_out,-2,TXN00000271,
MOV00001106,2026-04-01,SKU01058,WH003,sale_out,-1,TXN00000065,
MOV00001107,2026-04-01,SKU01076,WH002,sale_out,-1,TXN00000519,
MOV00001108,2026-04-01,SKU01132,WH004,sale_out,-1,TXN00000018,
MOV00001109,2026-04-01,SKU01100,WH004,sale_out,-2,TXN00000416,
MOV00001110,2026-04-01,SKU01201,WH001,sale_out,-1,TXN00000400,
MOV00001111,2026-04-01,SKU01070,WH004,sale_out,-1,TXN00000282,
MOV00001112,2026-04-01,SKU01112,WH001,sale_out,-1,TXN00000168,
MOV00001113,2026-04-01,SKU01169,WH004,sale_out,-1,TXN00000176,
MOV00001114,2026-04-01,SKU01159,WH004,sale_out,-1,TXN00000389,
MOV00001115,2026-04-01,SKU01166,WH001,receipt,1,TXN00000120,Customer return
MOV00001116,2026-04-01,SKU01217,WH001,sale_out,-1,TXN00000094,
MOV00001117,2026-04-01,SKU01055,WH002,sale_out,-1,TXN00000394,
MOV00001118,2026-04-01,SKU01084,WH001,sale_out,-1,TXN00000275,
MOV00001119,2026-04-01,SKU01005,WH002,sale_out,-2,TXN00000467,
MOV00001120,2026-04-01,SKU01168,WH001,sale_out,-1,TXN00000014,
MOV00001121,2026-04-01,SKU01246,WH001,sale_out,-1,TXN00000150,
MOV00001122,2026-04-01,SKU01088,WH001,sale_out,-1,TXN00000199,
MOV00001123,2026-04-01,SKU01216,WH003,sale_out,-1,TXN00000497,
MOV00001124,2026-04-01,SKU01098,WH001,sale_out,-1,TXN00000560,
MOV00001125,2026-04-01,SKU01200,WH001,sale_out,-2,TXN00000205,
MOV00001126,2026-04-01,SKU01147,WH001,sale_out,-2,TXN00000241,
MOV00001127,2026-04-01,SKU01206,WH001,sale_out,-1,TXN00000584,
MOV00001128,2026-04-01,SKU01167,WH002,sale_out,-1,TXN00000361,
MOV00001129,2026-04-01,SKU01153,WH001,sale_out,-1,TXN00000261,
MOV00001130,2026-04-01,SKU01129,WH004,sale_out,-1,TXN00000331,
MOV00001131,2026-04-01,SKU01039,WH001,sale_out,-1,TXN00000410,
MOV00001132,2026-04-01,SKU01034,WH002,sale_out,-1,TXN00000073,
MOV00001133,2026-04-01,SKU01019,WH001,sale_out,-1,TXN00000545,
MOV00001134,2026-04-01,SKU01066,WH001,sale_out,-1,TXN00000095,
MOV00001135,2026-04-01,SKU01045,WH004,sale_out,-1,TXN00000051,
MOV00001136,2026-04-01,SKU01132,WH001,sale_out,-1,TXN00000112,
MOV00001137,2026-04-01,SKU01042,WH001,sale_out,-1,TXN00000487,
MOV00001138,2026-04-01,SKU01152,WH003,receipt,1,TXN00000144,Customer return
MOV00001139,2026-04-01,SKU01234,WH001,sale_out,-1,TXN00000481,
MOV00001140,2026-04-01,SKU01061,WH004,sale_out,-1,TXN00000166,
MOV00001141,2026-04-01,SKU01113,WH001,sale_out,-1,TXN00000236,
MOV00001142,2026-04-01,SKU01168,WH004,sale_out,-2,TXN00000504,
MOV00001143,2026-04-01,SKU01248,WH002,sale_out,-2,TXN00000190,
MOV00001144,2026-04-01,SKU01076,WH001,sale_out,-1,TXN00000461,
MOV00001145,2026-04-01,SKU01057,WH004,sale_out,-1,TXN00000534,
MOV00001146,2026-04-01,SKU01116,WH001,sale_out,-3,TXN00000567,
MOV00001147,2026-04-01,SKU01229,WH001,sale_out,-1,TXN00000499,
MOV00001148,2026-04-01,SKU01075,WH001,sale_out,-2,TXN00000081,
MOV00001149,2026-04-01,SKU01061,WH001,sale_out,-1,TXN00000221,
MOV00001150,2026-04-01,SKU01023,WH001,sale_out,-1,TXN00000311,
MOV00001151,2026-04-01,SKU01063,WH001,sale_out,-1,TXN00000328,
MOV00001152,2026-04-01,SKU01128,WH001,sale_out,-1,TXN00000359,
MOV00001153,2026-04-01,SKU01160,WH001,sale_out,-3,TXN00000297,
MOV00001154,2026-04-01,SKU01088,WH002,sale_out,-1,TXN00000438,
MOV00001155,2026-04-01,SKU01156,WH003,sale_out,-1,TXN00000305,
MOV00001156,2026-04-01,SKU01208,WH004,sale_out,-1,TXN00000255,
MOV00001157,2026-04-01,SKU01004,WH002,sale_out,-1,TXN00000347,
MOV00001158,2026-04-01,SKU01113,WH004,sale_out,-1,TXN00000020,
MOV00001159,2026-04-01,SKU01148,WH002,sale_out,-1,TXN00000406,
MOV00001160,2026-04-01,SKU01029,WH001,sale_out,-1,TXN00000364,
MOV00001161,2026-04-01,SKU01195,WH002,sale_out,-1,TXN00000061,
MOV00001162,2026-04-01,SKU01081,WH003,sale_out,-1,TXN00000208,
MOV00001163,2026-04-01,SKU01201,WH001,sale_out,-3,TXN00000451,
MOV00001164,2026-04-01,SKU01185,WH004,sale_out,-1,TXN00000463,
MOV00001165,2026-04-01,SKU01077,WH003,sale_out,-1,TXN00000222,
MOV00001166,2026-04-01,SKU01099,WH002,sale_out,-2,TXN00000508,
MOV00001167,2026-04-01,SKU01120,WH001,sale_out,-1,TXN00000518,
MOV00001168,2026-04-01,SKU01105,WH004,sale_out,-1,TXN00000404,
MOV00001169,2026-04-01,SKU01127,WH003,sale_out,-1,TXN00000031,
MOV00001170,2026-04-01,SKU01250,WH001,sale_out,-1,TXN00000011,
MOV00001171,2026-04-01,SKU01118,WH004,sale_out,-1,TXN00000321,
MOV00001172,2026-04-01,SKU01083,WH001,sale_out,-1,TXN00000515,
MOV00001173,2026-04-01,SKU01040,WH004,sale_out,-1,TXN00000290,
MOV00001174,2026-04-01,SKU01140,WH001,sale_out,-1,TXN00000332,
MOV00001175,2026-04-01,SKU01019,WH003,sale_out,-1,TXN00000490,
MOV00001176,2026-04-01,SKU01116,WH001,sale_out,-2,TXN00000244,
MOV00001177,2026-04-01,SKU01126,WH001,sale_out,-1,TXN00000544,
MOV00001178,2026-04-01,SKU01093,WH001,sale_out,-1,TXN00000440,
MOV00001179,2026-04-01,SKU01021,WH001,sale_out,-3,TXN00000580,
MOV00001180,2026-04-01,SKU01160,WH001,sale_out,-1,TXN00000442,
MOV00001181,2026-04-01,SKU01184,WH003,receipt,1,TXN00000486,Customer return
MOV00001182,2026-04-01,SKU01195,WH003,sale_out,-1,TXN00000232,
MOV00001183,2026-04-01,SKU01191,WH001,sale_out,-2,TXN00000491,
MOV00001184,2026-04-01,SKU01194,WH001,sale_out,-1,TXN00000259,
MOV00001185,2026-04-01,SKU01087,WH001,sale_out,-2,TXN00000204,
MOV00001186,2026-04-01,SKU01043,WH003,sale_out,-2,TXN00000008,
MOV00001187,2026-04-01,SKU01165,WH004,sale_out,-2,TXN00000245,
MOV00001188,2026-04-01,SKU01048,WH004,sale_out,-1,TXN00000115,
MOV00001189,2026-04-01,SKU01247,WH003,sale_out,-1,TXN00000355,
MOV00001190,2026-04-01,SKU01103,WH001,sale_out,-2,TXN00000447,
MOV00001191,2026-04-01,SKU01068,WH002,sale_out,-2,TXN00000420,
MOV00001192,2026-04-01,SKU01051,WH001,sale_out,-1,TXN00000106,
MOV00001193,2026-04-01,SKU01118,WH002,sale_out,-1,TXN00000063,
MOV00001194,2026-04-01,SKU01245,WH002,sale_out,-1,TXN00000170,
MOV00001195,2026-04-01,SKU01046,WH004,sale_out,-1,TXN00000046,
MOV00001196,2026-04-01,SKU01192,WH001,sale_out,-1,TXN00000363,
MOV00001197,2026-04-01,SKU01087,WH003,sale_out,-2,TXN00000301,
MOV00001198,2026-04-01,SKU01037,WH003,sale_out,-1,TXN00000362,
MOV00001199,2026-04-01,SKU01163,WH001,sale_out,-1,TXN00000357,
MOV00001200,2026-04-01,SKU01079,WH001,sale_out,-2,TXN00000525,
MOV00001201,2026-04-01,SKU01130,WH001,sale_out,-1,TXN00000342,
MOV00001202,2026-04-01,SKU01127,WH001,sale_out,-1,TXN00000074,
MOV00001203,2026-04-01,SKU01245,WH002,sale_out,-1,TXN00000327,
MOV00001204,2026-04-01,SKU01122,WH004,sale_out,-1,TXN00000520,
MOV00001205,2026-04-01,SKU01184,WH001,sale_out,-1,TXN00000555,
MOV00001206,2026-04-01,SKU01214,WH002,sale_out,-2,TXN00000229,
MOV00001207,2026-04-01,SKU01176,WH004,sale_out,-3,TXN00000330,
MOV00001208,2026-04-01,SKU01176,WH001,sale_out,-1,TXN00000167,
MOV00001209,2026-04-01,SKU01135,WH002,sale_out,-1,TXN00000441,
MOV00001210,2026-04-01,SKU01085,WH002,sale_out,-1,TXN00000210,
MOV00001211,2026-04-01,SKU01158,WH002,sale_out,-2,TXN00000033,
MOV00001212,2026-04-01,SKU01084,WH001,sale_out,-1,TXN00000564,
MOV00001213,2026-04-01,SKU01197,WH001,sale_out,-1,TXN00000131,
MOV00001214,2026-04-01,SKU01040,WH001,sale_out,-1,TXN00000140,
MOV00001215,2026-04-01,SKU01028,WH001,sale_out,-1,TXN00000566,
MOV00001216,2026-04-01,SKU01036,WH001,receipt,1,TXN00000552,Customer return
MOV00001217,2026-04-01,SKU01120,WH002,sale_out,-1,TXN00000157,
MOV00001218,2026-04-01,SKU01103,WH004,sale_out,-1,TXN00000401,
MOV00001219,2026-04-01,SKU01103,WH004,sale_out,-1,TXN00000266,
MOV00001220,2026-04-01,SKU01164,WH001,sale_out,-1,TXN00000151,
MOV00001221,2026-04-01,SKU01122,WH003,sale_out,-1,TXN00000219,
MOV00001222,2026-04-01,SKU01043,WH004,sale_out,-1,TXN00000226,
MOV00001223,2026-04-01,SKU01194,WH004,sale_out,-1,TXN00000083,
MOV00001224,2026-04-01,SKU01232,WH003,sale_out,-1,TXN00000557,
MOV00001225,2026-04-01,SKU01089,WH004,sale_out,-1,TXN00000299,
MOV00001226,2026-04-01,SKU01045,WH003,sale_out,-1,TXN00000202,
MOV00001227,2026-04-01,SKU01142,WH001,sale_out,-1,TXN00000273,
MOV00001228,2026-04-01,SKU01092,WH004,sale_out,-1,TXN00000427,
MOV00001229,2026-04-01,SKU01055,WH001,sale_out,-1,TXN00000460,
MOV00001230,2026-04-01,SKU01228,WH001,sale_out,-2,TXN00000294,
MOV00001231,2026-04-01,SKU01054,WH001,sale_out,-1,TXN00000004,
MOV00001232,2026-04-01,SKU01148,WH001,sale_out,-1,TXN00000064,
MOV00001233,2026-04-01,SKU01024,WH001,sale_out,-1,TXN00000160,
MOV00001234,2026-04-01,SKU01197,WH002,sale_out,-2,TXN00000454,
MOV00001235,2026-04-01,SKU01203,WH001,sale_out,-1,TXN00000125,
MOV00001236,2026-04-01,SKU01096,WH003,sale_out,-2,TXN00000265,
MOV00001237,2026-04-01,SKU01155,WH002,sale_out,-1,TXN00000256,
MOV00001238,2026-04-01,SKU01176,WH001,sale_out,-1,TXN00000225,
MOV00001239,2026-04-01,SKU01059,WH004,sale_out,-2,TXN00000538,
MOV00001240,2026-04-01,SKU01092,WH003,sale_out,-2,TXN00000453,
MOV00001241,2026-04-01,SKU01205,WH001,sale_out,-2,TXN00000216,
MOV00001242,2026-04-01,SKU01195,WH001,sale_out,-1,TXN00000471,
MOV00001243,2026-04-01,SKU01008,WH003,sale_out,-1,TXN00000156,
MOV00001244,2026-04-01,SKU01125,WH001,sale_out,-2,TXN00000056,
MOV00001245,2026-04-01,SKU01010,WH004,receipt,1,TXN00000475,Customer return
MOV00001246,2026-04-01,SKU01099,WH004,sale_out,-1,TXN00000172,
MOV00001247,2026-04-01,SKU01203,WH002,sale_out,-1,TXN00000015,
MOV00001248,2026-04-01,SKU01098,WH003,sale_out,-1,TXN00000500,
MOV00001249,2026-04-01,SKU01007,WH003,sale_out,-2,TXN00000531,
MOV00001250,2026-04-01,SKU01114,WH001,sale_out,-3,TXN00000558,
MOV00001251,2026-04-01,SKU01209,WH001,sale_out,-1,TXN00000066,
MOV00001252,2026-04-01,SKU01052,WH004,sale_out,-1,TXN00000514,
MOV00001253,2026-04-01,SKU01226,WH003,sale_out,-1,TXN00000055,
MOV00001254,2026-04-01,SKU01027,WH004,sale_out,-1,TXN00000026,
MOV00001255,2026-04-01,SKU01035,WH001,sale_out,-2,TXN00000431,
MOV00001256,2026-04-01,SKU01248,WH001,sale_out,-1,TXN00000264,
MOV00001257,2026-04-01,SKU01141,WH004,sale_out,-2,TXN00000080,
MOV00001258,2026-04-01,SKU01148,WH004,sale_out,-1,TXN00000507,
MOV00001259,2026-04-01,SKU01205,WH001,sale_out,-1,TXN00000267,
MOV00001260,2026-04-01,SKU01172,WH001,sale_out,-1,TXN00000537,
MOV00001261,2026-04-01,SKU01157,WH003,sale_out,-1,TXN00000374,
MOV00001262,2026-04-01,SKU01228,WH002,sale_out,-1,TXN00000251,
MOV00001263,2026-04-01,SKU01205,WH001,sale_out,-2,TXN00000076,
MOV00001264,2026-04-01,SKU01179,WH001,sale_out,-1,TXN00000379,
MOV00001265,2026-04-01,SKU01102,WH001,sale_out,-1,TXN00000086,
MOV00001266,2026-04-01,SKU01164,WH001,sale_out,-1,TXN00000422,
MOV00001267,2026-04-01,SKU01017,WH001,sale_out,-1,TXN00000009,
MOV00001268,2026-04-01,SKU01201,WH004,sale_out,-1,TXN00000337,
MOV00001269,2026-04-01,SKU01163,WH001,sale_out,-1,TXN00000077,
MOV00001270,2026-04-01,SKU01098,WH004,sale_out,-1,TXN00000434,
MOV00001271,2026-04-01,SKU01071,WH003,sale_out,-1,TXN00000091,
MOV00001272,2026-04-01,SKU01122,WH001,sale_out,-1,TXN00000391,
MOV00001273,2026-04-01,SKU01056,WH001,sale_out,-1,TXN00000017,
MOV00001274,2026-04-01,SKU01072,WH001,sale_out,-1,TXN00000388,
MOV00001275,2026-04-01,SKU01177,WH001,sale_out,-1,TXN00000124,
MOV00001276,2026-04-01,SKU01087,WH001,sale_out,-1,TXN00000439,
MOV00001277,2026-04-01,SKU01206,WH001,sale_out,-1,TXN00000118,
MOV00001278,2026-04-01,SKU01254,WH001,sale_out,-1,TXN00000512,
MOV00001279,2026-04-01,SKU01171,WH001,sale_out,-1,TXN00000455,
MOV00001280,2026-04-01,SKU01145,WH004,sale_out,-1,TXN00000589,
MOV00001281,2026-04-01,SKU01140,WH001,sale_out,-1,TXN00000373,
MOV00001282,2026-04-01,SKU01036,WH001,sale_out,-1,TXN00000122,
MOV00001283,2026-04-01,SKU01023,WH001,sale_out,-1,TXN00000311,
MOV00001284,2026-04-01,SKU01089,WH004,sale_out,-1,TXN00000287,
MOV00001285,2026-04-01,SKU01030,WH003,sale_out,-1,TXN00000397,
MOV00001286,2026-04-01,SKU01057,WH001,sale_out,-1,TXN00000314,
MOV00001287,2026-04-01,SKU01201,WH003,sale_out,-1,TXN00000005,
MOV00001288,2026-04-01,SKU01198,WH004,sale_out,-1,TXN00000565,
MOV00001289,2026-04-01,SKU01023,WH001,sale_out,-1,TXN00000528,
MOV00001290,2026-04-01,SKU01164,WH001,sale_out,-1,TXN00000295,
MOV00001291,2026-04-01,SKU01027,WH001,sale_out,-2,TXN00000446,
MOV00001292,2026-04-01,SKU01001,WH004,sale_out,-1,TXN00000597,
MOV00001293,2026-04-01,SKU01115,WH002,sale_out,-1,TXN00000173,
MOV00001294,2026-04-01,SKU01110,WH002,sale_out,-2,TXN00000390,
MOV00001295,2026-04-01,SKU01165,WH001,sale_out,-3,TXN00000105,
MOV00001296,2026-04-01,SKU01082,WH001,sale_out,-1,TXN00000308,
MOV00001297,2026-04-01,SKU01034,WH001,sale_out,-2,TXN00000092,
MOV00001298,2026-04-01,SKU01159,WH001,sale_out,-3,TXN00000398,
MOV00001299,2026-04-01,SKU01070,WH001,sale_out,-1,TXN00000040,
MOV00001300,2026-04-01,SKU01064,WH001,sale_out,-1,TXN00000247,
MOV00001301,2026-04-01,SKU01078,WH004,sale_out,-1,TXN00000320,
MOV00001302,2026-04-01,SKU01126,WH001,sale_out,-1,TXN00000384,
MOV00001303,2026-04-01,SKU01236,WH004,sale_out,-1,TXN00000502,
MOV00001304,2026-04-01,SKU01245,WH004,sale_out,-1,TXN00000381,
MOV00001305,2026-04-01,SKU01036,WH004,sale_out,-1,TXN00000430,
MOV00001306,2026-04-01,SKU01044,WH004,sale_out,-1,TXN00000466,
MOV00001307,2026-04-01,SKU01094,WH004,sale_out,-1,TXN00000096,
MOV00001308,2026-04-01,SKU01057,WH002,sale_out,-1,TXN00000002,
MOV00001309,2026-04-01,SKU01054,WH001,sale_out,-2,TXN00000593,
MOV00001310,2026-04-01,SKU01106,WH003,sale_out,-1,TXN00000090,
MOV00001311,2026-04-01,SKU01221,WH001,sale_out,-1,TXN00000284,
MOV00001312,2026-04-01,SKU01058,WH004,sale_out,-1,TXN00000048,
MOV00001313,2026-04-01,SKU01181,WH001,sale_out,-1,TXN00000452,
MOV00001314,2026-04-01,SKU01040,WH003,sale_out,-1,TXN00000339,
MOV00001315,2026-04-01,SKU01004,WH003,sale_out,-1,TXN00000177,
MOV00001316,2026-04-01,SKU01193,WH001,sale_out,-1,TXN00000577,
MOV00001317,2026-04-01,SKU01083,WH004,sale_out,-1,TXN00000138,
MOV00001318,2026-04-01,SKU01064,WH004,sale_out,-1,TXN00000579,
MOV00001319,2026-04-01,SKU01184,WH001,sale_out,-1,TXN00000432,
MOV00001320,2026-04-01,SKU01239,WH003,sale_out,-1,TXN00000587,
MOV00001321,2026-04-01,SKU01146,WH004,sale_out,-2,TXN00000270,
MOV00001322,2026-04-01,SKU01253,WH001,sale_out,-1,TXN00000468,
MOV00001323,2026-04-01,SKU01193,WH001,sale_out,-1,TXN00000067,
MOV00001324,2026-04-01,SKU01063,WH004,sale_out,-1,TXN00000539,
MOV00001325,2026-04-01,SKU01022,WH001,sale_out,-1,TXN00000356,
MOV00001326,2026-04-01,SKU01238,WH004,sale_out,-2,TXN00000093,
MOV00001327,2026-04-01,SKU01063,WH002,sale_out,-1,TXN00000161,
MOV00001328,2026-04-01,SKU01208,WH003,sale_out,-1,TXN00000010,
MOV00001329,2026-04-01,SKU01249,WH001,sale_out,-1,TXN00000036,
MOV00001330,2026-04-01,SKU01250,WH001,sale_out,-1,TXN00000353,
MOV00001331,2026-04-01,SKU01094,WH001,sale_out,-3,TXN00000536,
MOV00001332,2026-04-01,SKU01178,WH004,sale_out,-1,TXN00000189,
MOV00001333,2026-04-01,SKU01242,WH001,sale_out,-1,TXN00000572,
MOV00001334,2026-04-01,SKU01015,WH001,sale_out,-2,TXN00000155,
MOV00001335,2026-04-01,SKU01113,WH001,sale_out,-1,TXN00000183,
MOV00001336,2026-04-01,SKU01024,WH001,sale_out,-2,TXN00000396,
MOV00001337,2026-04-01,SKU01084,WH001,sale_out,-1,TXN00000268,
MOV00001338,2026-04-01,SKU01048,WH001,sale_out,-1,TXN00000569,
MOV00001339,2026-04-01,SKU01242,WH001,sale_out,-1,TXN00000532,
MOV00001340,2026-04-01,SKU01217,WH004,sale_out,-1,TXN00000443,
MOV00001341,2026-04-01,SKU01077,WH001,sale_out,-1,TXN00000037,
MOV00001342,2026-04-01,SKU01073,WH004,sale_out,-1,TXN00000527,
MOV00001343,2026-04-01,SKU01232,WH003,sale_out,-1,TXN00000230,
MOV00001344,2026-04-01,SKU01053,WH004,sale_out,-1,TXN00000082,
MOV00001345,2026-04-01,SKU01165,WH002,sale_out,-1,TXN00000078,
MOV00001346,2026-04-01,SKU01092,WH001,sale_out,-1,TXN00000181,
MOV00001347,2026-04-01,SKU01210,WH004,sale_out,-1,TXN00000583,
MOV00001348,2026-04-01,SKU01058,WH002,sale_out,-1,TXN00000501,
MOV00001349,2026-04-01,SKU01168,WH004,sale_out,-1,TXN00000477,
MOV00001350,2026-04-01,SKU01017,WH004,sale_out,-1,TXN00000175,
MOV00001351,2026-04-01,SKU01018,WH004,sale_out,-1,TXN00000200,
MOV00001352,2026-04-01,SKU01067,WH003,sale_out,-2,TXN00000424,
MOV00001353,2026-04-01,SKU01034,WH001,sale_out,-1,TXN00000598,
MOV00001354,2026-04-01,SKU01123,WH001,sale_out,-1,TXN00000110,
MOV00001355,2026-04-01,SKU01065,WH004,sale_out,-1,TXN00000318,
MOV00001356,2026-04-01,SKU01203,WH003,sale_out,-1,TXN00000343,
MOV00001357,2026-04-01,SKU01023,WH003,sale_out,-1,TXN00000003,
MOV00001358,2026-04-01,SKU01055,WH001,sale_out,-3,TXN00000309,
MOV00001359,2026-04-01,SKU01057,WH003,sale_out,-1,TXN00000325,
MOV00001360,2026-04-01,SKU01101,WH001,sale_out,-2,TXN00000399,
MOV00001361,2026-04-01,SKU01087,WH003,sale_out,-1,TXN00000147,
MOV00001362,2026-04-01,SKU01108,WH004,sale_out,-1,TXN00000516,
MOV00001363,2026-04-01,SKU01006,WH002,sale_out,-1,TXN00000542,
MOV00001364,2026-04-01,SKU01208,WH004,sale_out,-1,TXN00000484,
MOV00001365,2026-04-01,SKU01031,WH004,sale_out,-1,TXN00000293,
MOV00001366,2026-04-01,SKU01051,WH002,sale_out,-1,TXN00000089,
MOV00001367,2026-04-01,SKU01097,WH002,sale_out,-1,TXN00000057,
MOV00001368,2026-04-01,SKU01062,WH003,sale_out,-1,TXN00000019,
MOV00001369,2026-04-01,SKU01252,WH002,sale_out,-1,TXN00000470,
MOV00001370,2026-04-01,SKU01127,WH001,sale_out,-1,TXN00000426,
MOV00001371,2026-04-01,SKU01149,WH004,sale_out,-1,TXN00000459,
MOV00001372,2026-04-01,SKU01201,WH004,sale_out,-1,TXN00000025,
MOV00001373,2026-04-01,SKU01074,WH001,sale_out,-1,TXN00000380,
MOV00001374,2026-04-01,SKU01071,WH001,sale_out,-3,TXN00000218,
MOV00001375,2026-04-01,SKU01053,WH001,sale_out,-2,TXN00000052,
MOV00001376,2026-04-01,SKU01032,WH004,sale_out,-1,TXN00000473,
MOV00001377,2026-04-01,SKU01021,WH001,sale_out,-1,TXN00000098,
MOV00001378,2026-04-01,SKU01117,WH001,sale_out,-1,TXN00000358,
MOV00001379,2026-04-01,SKU01134,WH003,sale_out,-1,TXN00000543,
MOV00001380,2026-04-01,SKU01199,WH004,sale_out,-1,TXN00000121,
MOV00001381,2026-04-01,SKU01182,WH002,sale_out,-2,TXN00000302,
MOV00001382,2026-04-01,SKU01192,WH001,sale_out,-1,TXN00000153,
MOV00001383,2026-04-01,SKU01063,WH001,sale_out,-1,TXN00000592,
MOV00001384,2026-04-01,SKU01102,WH001,sale_out,-1,TXN00000143,
MOV00001385,2026-04-01,SKU01102,WH001,sale_out,-1,TXN00000288,
MOV00001386,2026-04-01,SKU01051,WH001,sale_out,-1,TXN00000548,
MOV00001387,2026-04-01,SKU01146,WH001,sale_out,-1,TXN00000223,
MOV00001388,2026-04-01,SKU01025,WH001,receipt,1,TXN00000369,Customer return
MOV00001389,2026-04-01,SKU01109,WH002,sale_out,-1,TXN00000510,
MOV00001390,2026-04-01,SKU01070,WH003,sale_out,-3,TXN00000568,
MOV00001391,2026-04-01,SKU01099,WH002,receipt,1,TXN00000053,Customer return
MOV00001392,2026-04-01,SKU01180,WH001,sale_out,-1,TXN00000054,
MOV00001393,2026-04-01,SKU01012,WH004,sale_out,-1,TXN00000111,
MOV00001394,2026-04-01,SKU01042,WH001,sale_out,-1,TXN00000254,
MOV00001395,2026-04-01,SKU01082,WH003,sale_out,-1,TXN00000128,
MOV00001396,2026-04-01,SKU01140,WH001,sale_out,-1,TXN00000187,
MOV00001397,2026-04-01,SKU01173,WH003,sale_out,-1,TXN00000196,
MOV00001398,2026-04-01,SKU01080,WH004,sale_out,-2,TXN00000317,
MOV00001399,2026-04-01,SKU01117,WH001,sale_out,-1,TXN00000495,
MOV00001400,2026-04-01,SKU01213,WH004,receipt,1,TXN00000101,Customer return
MOV00001401,2026-04-01,SKU01047,WH002,sale_out,-1,TXN00000007,
MOV00001402,2026-04-01,SKU01229,WH001,sale_out,-1,TXN00000407,
MOV00001403,2026-04-01,SKU01035,WH001,sale_out,-1,TXN00000511,
MOV00001404,2026-04-01,SKU01233,WH001,sale_out,-1,TXN00000027,
MOV00001405,2026-04-01,SKU01220,WH002,sale_out,-1,TXN00000444,
MOV00001406,2026-04-01,SKU01211,WH001,sale_out,-1,TXN00000107,
MOV00001407,2026-04-01,SKU01188,WH002,sale_out,-1,TXN00000179,
MOV00001408,2026-04-01,SKU01091,WH004,sale_out,-1,TXN00000573,
MOV00001409,2026-04-01,SKU01159,WH001,sale_out,-1,TXN00000478,
MOV00001410,2026-04-01,SKU01014,WH002,sale_out,-1,TXN00000207,
MOV00001411,2026-04-01,SKU01173,WH001,sale_out,-1,TXN00000503,
MOV00001412,2026-04-01,SKU01190,WH004,sale_out,-1,TXN00000334,
MOV00001413,2026-04-01,SKU01198,WH003,sale_out,-1,TXN00000039,
MOV00001414,2026-04-01,SKU01026,WH001,sale_out,-2,TXN00000188,
MOV00001415,2026-04-01,SKU01077,WH002,sale_out,-1,TXN00000029,
MOV00001416,2026-04-01,SKU01245,WH001,sale_out,-1,TXN00000322,
MOV00001417,2026-04-01,SKU01214,WH003,sale_out,-1,TXN00000506,
MOV00001418,2026-04-01,SKU01124,WH004,sale_out,-2,TXN00000462,
MOV00001419,2026-04-01,SKU01056,WH002,sale_out,-1,TXN00000154,
MOV00001420,2026-04-01,SKU01196,WH001,sale_out,-1,TXN00000182,
MOV00001421,2026-04-01,SKU01226,WH001,sale_out,-1,TXN00000220,
MOV00001422,2026-04-01,SKU01148,WH003,sale_out,-1,TXN00000591,
MOV00001423,2026-04-01,SKU01229,WH001,sale_out,-1,TXN00000246,
MOV00001424,2026-04-01,SKU01157,WH003,sale_out,-1,TXN00000278,
MOV00001425,2026-04-01,SKU01221,WH002,sale_out,-1,TXN00000139,
MOV00001426,2026-04-01,SKU01053,WH001,sale_out,-1,TXN00000069,
MOV00001427,2026-04-01,SKU01176,WH001,sale_out,-1,TXN00000562,
MOV00001428,2026-04-01,SKU01225,WH004,sale_out,-3,TXN00000371,
MOV00001429,2026-04-01,SKU01137,WH001,sale_out,-1,TXN00000142,
MOV00001430,2026-04-01,SKU01251,WH001,sale_out,-1,TXN00000433,
MOV00001431,2026-04-01,SKU01161,WH001,sale_out,-3,TXN00000498,
MOV00001432,2026-04-01,SKU01240,WH004,sale_out,-1,TXN00000134,
MOV00001433,2026-04-01,SKU01175,WH001,sale_out,-1,TXN00000212,
MOV00001434,2026-04-01,SKU01217,WH001,sale_out,-1,TXN00000279,
MOV00001435,2026-04-01,SKU01210,WH003,sale_out,-1,TXN00000335,
MOV00001436,2026-04-01,SKU01203,WH003,sale_out,-2,TXN00000445,
MOV00001437,2026-04-01,SKU01089,WH004,sale_out,-1,TXN00000349,
MOV00001438,2026-04-01,SKU01042,WH001,sale_out,-1,TXN00000487,
MOV00001439,2026-04-01,SKU01094,WH004,sale_out,-1,TXN00000324,
MOV00001440,2026-04-01,SKU01051,WH001,sale_out,-1,TXN00000277,
MOV00001441,2026-04-01,SKU01203,WH003,sale_out,-3,TXN00000224,
MOV00001442,2026-04-01,SKU01028,WH002,sale_out,-1,TXN00000242,
MOV00001443,2026-04-01,SKU01112,WH004,sale_out,-1,TXN00000423,
MOV00001444,2026-04-01,SKU01100,WH001,sale_out,-1,TXN00000413,
MOV00001445,2026-04-01,SKU01183,WH001,sale_out,-1,TXN00000085,
MOV00001446,2026-04-01,SKU01083,WH004,sale_out,-1,TXN00000146,
MOV00001447,2026-04-01,SKU01167,WH001,sale_out,-1,TXN00000563,
MOV00001448,2026-04-01,SKU01105,WH001,sale_out,-1,TXN00000492,
MOV00001449,2026-04-01,SKU01235,WH001,sale_out,-2,TXN00000114,
MOV00001450,2026-04-01,SKU01245,WH001,sale_out,-2,TXN00000135,
MOV00001451,2026-04-01,SKU01021,WH001,sale_out,-1,TXN00000119,
MOV00001452,2026-04-01,SKU01028,WH001,sale_out,-1,TXN00000437,
MOV00001453,2026-04-01,SKU01242,WH004,sale_out,-1,TXN00000306,
MOV00001454,2026-04-01,SKU01203,WH004,sale_out,-1,TXN00000310,
MOV00001455,2026-04-01,SKU01248,WH001,sale_out,-2,TXN00000383,
MOV00001456,2026-04-01,SKU01166,WH004,sale_out,-1,TXN00000292,
MOV00001457,2026-04-01,SKU01214,WH001,sale_out,-2,TXN00000035,
MOV00001458,2026-04-01,SKU01221,WH001,sale_out,-1,TXN00000360,
MOV00001459,2026-04-01,SKU01074,WH003,sale_out,-1,TXN00000038,
MOV00001460,2026-04-01,SKU01143,WH001,sale_out,-1,TXN00000323,
MOV00001461,2026-04-01,SKU01238,WH001,sale_out,-1,TXN00000281,
MOV00001462,2026-04-01,SKU01155,WH001,sale_out,-2,TXN00000296,
MOV00001463,2026-04-01,SKU01075,WH001,sale_out,-1,TXN00000169,
MOV00001464,2026-04-01,SKU01089,WH002,sale_out,-2,TXN00000203,
MOV00001465,2026-04-01,SKU01151,WH001,sale_out,-1,TXN00000240,
MOV00001466,2026-04-01,SKU01211,WH004,sale_out,-1,TXN00000117,
MOV00001467,2026-04-01,SKU01244,WH002,sale_out,-3,TXN00000370,
MOV00001468,2026-04-01,SKU01073,WH003,sale_out,-1,TXN00000585,
MOV00001469,2026-04-01,SKU01102,WH004,sale_out,-1,TXN00000479,
MOV00001470,2026-04-01,SKU01098,WH004,sale_out,-1,TXN00000126,
MOV00001471,2026-04-01,SKU01226,WH003,sale_out,-1,TXN00000162,
MOV00001472,2026-04-01,SKU01165,WH003,sale_out,-1,TXN00000097,
MOV00001473,2026-04-01,SKU01091,WH001,sale_out,-1,TXN00000338,
MOV00001474,2026-04-01,SKU01185,WH002,sale_out,-1,TXN00000243,
MOV00001475,2026-04-01,SKU01193,WH002,sale_out,-1,TXN00000340,
MOV00001476,2026-04-01,SKU01202,WH001,sale_out,-3,TXN00000509,
MOV00001477,2026-04-01,SKU01215,WH001,sale_out,-1,TXN00000103,
MOV00001478,2026-04-01,SKU01130,WH003,sale_out,-1,TXN00000291,
MOV00001479,2026-04-01,SKU01085,WH001,sale_out,-1,TXN00000070,
MOV00001480,2026-04-01,SKU01247,WH001,sale_out,-1,TXN00000109,
MOV00001481,2026-04-01,SKU01227,WH001,sale_out,-1,TXN00000250,
MOV00001482,2026-04-01,SKU01031,WH004,sale_out,-1,TXN00000403,
MOV00001483,2026-04-01,SKU01049,WH001,sale_out,-1,TXN00000044,
MOV00001484,2026-04-01,SKU01233,WH001,sale_out,-1,TXN00000549,
MOV00001485,2026-04-01,SKU01149,WH004,receipt,1,TXN00000043,Customer return
MOV00001486,2026-04-01,SKU01019,WH001,sale_out,-1,TXN00000435,
MOV00001487,2026-04-01,SKU01100,WH001,sale_out,-1,TXN00000413,
MOV00001488,2026-04-01,SKU01075,WH001,sale_out,-1,TXN00000425,
MOV00001489,2026-04-01,SKU01086,WH001,sale_out,-1,TXN00000141,
MOV00001490,2026-04-01,SKU01151,WH004,sale_out,-1,TXN00000387,
MOV00001491,2026-04-01,SKU01158,WH003,sale_out,-1,TXN00000599,
MOV00001492,2026-04-01,SKU01232,WH003,sale_out,-1,TXN00000194,
MOV00001493,2026-04-01,SKU01025,WH002,sale_out,-1,TXN00000006,
MOV00001494,2026-04-01,SKU01055,WH001,sale_out,-1,TXN00000600,
MOV00001495,2026-04-01,SKU01095,WH001,sale_out,-1,TXN00000316,
MOV00001496,2026-04-01,SKU01075,WH001,receipt,1,TXN00000262,Customer return
MOV00001497,2026-04-01,SKU01136,WH003,sale_out,-1,TXN00000258,
MOV00001498,2026-04-01,SKU01181,WH002,sale_out,-1,TXN00000234,
MOV00001499,2026-04-01,SKU01066,WH001,sale_out,-1,TXN00000100,
MOV00001500,2026-04-01,SKU01077,WH003,sale_out,-1,TXN00000195,
MOV00001501,2026-04-01,SKU01027,WH001,sale_out,-1,TXN00000042,
MOV00001502,2026-04-01,SKU01025,WH001,sale_out,-2,TXN00000351,
MOV00001503,2026-04-01,SKU01015,WH001,sale_out,-1,TXN00000513,
MOV00001504,2026-04-01,SKU01009,WH004,sale_out,-1,TXN00000289,
MOV00001505,2026-04-01,SKU01060,WH002,sale_out,-1,TXN00000428,
MOV00001506,2026-04-01,SKU01150,WH003,sale_out,-1,TXN00000526,
MOV00001507,2026-04-01,SKU01159,WH001,sale_out,-1,TXN00000132,
MOV00001508,2026-04-01,SKU01187,WH001,sale_out,-1,TXN00000023,
MOV00001509,2026-04-01,SKU01219,WH001,sale_out,-1,TXN00000235,
MOV00001510,2026-04-01,SKU01078,WH001,sale_out,-1,TXN00000421,
MOV00001511,2026-04-01,SKU01002,WH001,sale_out,-1,TXN00000469,
MOV00001512,2026-04-01,SKU01077,WH004,sale_out,-1,TXN00000429,
MOV00001513,2026-04-01,SKU01028,WH004,sale_out,-1,TXN00000072,
MOV00001514,2026-04-01,SKU01045,WH003,sale_out,-1,TXN00000186,
MOV00001515,2026-04-01,SKU01247,WH002,sale_out,-1,TXN00000113,
MOV00001516,2026-04-01,SKU01251,WH001,sale_out,-3,TXN00000300,
MOV00001517,2026-04-01,SKU01064,WH003,sale_out,-1,TXN00000480,
MOV00001518,2026-04-01,SKU01074,WH001,sale_out,-1,TXN00000449,
MOV00001519,2026-04-01,SKU01232,WH002,sale_out,-1,TXN00000415,
MOV00001520,2026-04-01,SKU01178,WH001,sale_out,-1,TXN00000116,
MOV00001521,2026-04-01,SKU01134,WH004,sale_out,-1,TXN00000165,
MOV00001522,2026-04-01,SKU01116,WH004,sale_out,-1,TXN00000402,
MOV00001523,2026-04-01,SKU01104,WH003,sale_out,-1,TXN00000561,
MOV00001524,2026-04-01,SKU01063,WH001,sale_out,-1,TXN00000184,
MOV00001525,2026-04-01,SKU01014,WH003,sale_out,-1,TXN00000185,
MOV00001526,2026-04-01,SKU01102,WH004,sale_out,-2,TXN00000494,
MOV00001527,2026-04-01,SKU01002,WH001,sale_out,-1,TXN00000385,
MOV00001528,2026-04-01,SKU01148,WH001,sale_out,-1,TXN00000215,
MOV00001529,2026-04-01,SKU01027,WH004,sale_out,-1,TXN00000163,
MOV00001530,2026-04-01,SKU01012,WH002,sale_out,-1,TXN00000211,
MOV00001531,2026-04-01,SKU01149,WH001,sale_out,-1,TXN00000505,
MOV00001532,2026-04-01,SKU01042,WH002,sale_out,-1,TXN00000476,
MOV00001533,2026-04-01,SKU01097,WH004,sale_out,-1,TXN00000378,
MOV00001534,2026-04-01,SKU01154,WH001,sale_out,-1,TXN00000238,
MOV00001535,2026-04-01,SKU01189,WH001,sale_out,-1,TXN00000307,
MOV00001536,2026-04-01,SKU01151,WH004,sale_out,-1,TXN00000496,
MOV00001537,2026-04-01,SKU01058,WH002,sale_out,-1,TXN00000032,
MOV00001538,2026-04-01,SKU01240,WH003,sale_out,-1,TXN00000375,
MOV00001539,2026-04-01,SKU01248,WH003,sale_out,-1,TXN00000209,
MOV00001540,2026-04-01,SKU01018,WH001,sale_out,-1,TXN00000346,
MOV00001541,2026-04-01,SKU01206,WH001,sale_out,-3,TXN00000213,
MOV00001542,2026-04-01,SKU01030,WH004,sale_out,-1,TXN00000368,
MOV00001543,2026-04-01,SKU01079,WH001,sale_out,-1,TXN00000586,
MOV00001544,2026-04-01,SKU01220,WH004,sale_out,-1,TXN00000148,
MOV00001545,2026-04-01,SKU01237,WH002,sale_out,-1,TXN00000312,
MOV00001546,2026-04-01,SKU01169,WH001,sale_out,-1,TXN00000372,
MOV00001547,2026-04-01,SKU01081,WH001,sale_out,-1,TXN00000366,
MOV00001548,2026-04-01,SKU01240,WH001,sale_out,-1,TXN00000382,
MOV00001549,2026-04-01,SKU01024,WH001,sale_out,-1,TXN00000239,
MOV00001550,2026-04-01,SKU01133,WH002,sale_out,-1,TXN00000136,
MOV00001551,2026-04-01,SKU01231,WH004,sale_out,-1,TXN00000576,
MOV00001552,2026-04-01,SKU01173,WH001,sale_out,-1,TXN00000315,
MOV00001553,2026-04-01,SKU01154,WH002,sale_out,-1,TXN00000304,
MOV00001554,2026-04-01,SKU01071,WH003,sale_out,-1,TXN00000028,
MOV00001555,2026-04-01,SKU01254,WH002,sale_out,-1,TXN00000252,
MOV00001556,2026-04-01,SKU01106,WH003,sale_out,-1,TXN00000581,
MOV00001557,2026-04-01,SKU01107,WH002,sale_out,-1,TXN00000145,
MOV00001558,2026-04-01,SKU01186,WH003,sale_out,-1,TXN00000483,
MOV00001559,2026-04-01,SKU01051,WH004,sale_out,-1,TXN00000493,
MOV00001560,2026-04-01,SKU01164,WH003,sale_out,-1,TXN00000123,
MOV00001561,2026-04-01,SKU01085,WH001,sale_out,-1,TXN00000283,
MOV00001562,2026-04-01,SKU01101,WH001,sale_out,-2,TXN00000333,
MOV00001563,2026-04-01,SKU01240,WH003,sale_out,-1,TXN00000280,
MOV00001564,2026-04-01,SKU01013,WH002,sale_out,-1,TXN00000456,
MOV00001565,2026-04-01,SKU01104,WH002,sale_out,-1,TXN00000178,
MOV00001566,2026-04-01,SKU01041,WH003,sale_out,-1,TXN00000045,
MOV00001567,2026-04-01,SKU01130,WH003,sale_out,-1,TXN00000191,
MOV00001568,2026-04-01,SKU01129,WH002,sale_out,-1,TXN00000298,
MOV00001569,2026-04-01,SKU01123,WH001,sale_out,-1,TXN00000571,
MOV00001570,2026-04-01,SKU01072,WH001,sale_out,-1,TXN00000395,
MOV00001571,2026-04-01,SKU01122,WH003,sale_out,-1,TXN00000588,
MOV00001572,2026-04-01,SKU01201,WH004,sale_out,-1,TXN00000540,
MOV00001573,2026-04-01,SKU01171,WH001,sale_out,-2,TXN00000582,
MOV00001574,2026-04-01,SKU01179,WH001,sale_out,-1,TXN00000030,
MOV00001575,2026-04-01,SKU01215,WH004,sale_out,-1,TXN00000377,
MOV00001576,2026-04-01,SKU01020,WH004,sale_out,-1,TXN00000376,
MOV00001577,2026-04-01,SKU01056,WH001,sale_out,-1,TXN00000578,
MOV00001578,2026-04-01,SKU01125,WH004,sale_out,-1,TXN00000158,
MOV00001579,2026-04-01,SKU01082,WH002,sale_out,-1,TXN00000075,
MOV00001580,2026-04-01,SKU01057,WH001,sale_out,-1,TXN00000575,
MOV00001581,2026-04-01,SKU01211,WH004,sale_out,-1,TXN00000464,
MOV00001582,2026-04-01,SKU01159,WH001,sale_out,-1,TXN00000409,
MOV00001583,2026-04-01,SKU01007,WH001,sale_out,-1,TXN00000345,
MOV00001584,2026-04-01,SKU01249,WH002,sale_out,-1,TXN00000233,
MOV00001585,2026-04-01,SKU01092,WH001,sale_out,-1,TXN00000553,
MOV00001586,2026-04-01,SKU01104,WH001,sale_out,-1,TXN00000164,
MOV00001587,2026-04-01,SKU01063,WH004,sale_out,-2,TXN00000047,
MOV00001588,2026-04-01,SKU01170,WH001,sale_out,-1,TXN00000127,
MOV00001589,2026-04-01,SKU01232,WH001,sale_out,-1,TXN00000133,
MOV00001590,2026-04-01,SKU01181,WH001,sale_out,-1,TXN00000354,
MOV00001591,2026-04-01,SKU01024,WH002,sale_out,-1,TXN00000590,
MOV00001592,2026-04-01,SKU01199,WH003,sale_out,-1,TXN00000193,
MOV00001593,2026-04-01,SKU01227,WH001,sale_out,-1,TXN00000450,
MOV00001594,2026-04-01,SKU01240,WH004,sale_out,-2,TXN00000517,
MOV00001595,2026-04-01,SKU01248,WH004,sale_out,-1,TXN00000530,
MOV00001596,2026-04-01,SKU01109,WH001,sale_out,-1,TXN00000263,
MOV00001597,2026-04-01,SKU01067,WH001,sale_out,-1,TXN00000257,
MOV00001598,2026-04-01,SKU01114,WH004,sale_out,-1,TXN00000192,
MOV00001599,2026-04-01,SKU01097,WH001,sale_out,-1,TXN00000049,
MOV00001600,2026-04-01,SKU01013,WH004,sale_out,-1,TXN00000556,
MOV00001601,2026-04-01,SKU01206,WH004,sale_out,-1,TXN00000303,
MOV00001602,2026-04-01,SKU01065,WH003,sale_out,-1,TXN00000013,
MOV00001603,2026-04-01,SKU01041,WH001,sale_out,-1,TXN00000393,
MOV00001604,2026-04-01,SKU01171,WH004,sale_out,-1,TXN00000071,
MOV00001605,2026-04-01,SKU01225,WH001,sale_out,-1,TXN00000174,
MOV00001606,2026-04-01,SKU01158,WH002,sale_out,-1,TXN00000350,
MOV00001607,2026-04-01,SKU01149,WH001,sale_out,-1,TXN00000001,
MOV00001608,2026-04-01,SKU01060,WH001,sale_out,-1,TXN00000418,
MOV00001609,2026-04-01,SKU01070,WH001,sale_out,-1,TXN00000550,
MOV00001610,2026-04-01,SKU01073,WH001,sale_out,-1,TXN00000180,
MOV00001611,2026-04-01,SKU01031,WH003,sale_out,-1,TXN00000365,
MOV00001612,2026-04-01,SKU01237,WH001,sale_out,-1,TXN00000448,
MOV00001613,2026-04-01,SKU01198,WH002,sale_out,-1,TXN00000088,
MOV00001614,2026-04-01,SKU01253,WH004,sale_out,-1,TXN00000228,
MOV00001615,2026-04-01,SKU01247,WH001,sale_out,-1,TXN00000201,
MOV00001616,2026-04-01,SKU01074,WH002,sale_out,-1,TXN00000016,
MOV00001617,2026-04-01,SKU01030,WH001,sale_out,-1,TXN00000535,
MOV00001618,2026-04-01,SKU01204,WH002,sale_out,-1,TXN00000488,
MOV00001619,2026-04-01,SKU01096,WH004,sale_out,-1,TXN00000137,
MOV00001620,2026-04-01,SKU01095,WH003,receipt,35,PO41880,Restock
MOV00001621,2026-04-01,SKU01058,WH002,receipt,32,PO68493,Restock
MOV00001622,2026-04-01,SKU01108,WH003,receipt,24,PO93012,Restock
MOV00001623,2026-04-01,SKU01051,WH002,receipt,56,PO82901,Restock
MOV00001624,2026-04-01,SKU01054,WH003,receipt,80,PO38783,Restock
MOV00001625,2026-04-01,SKU01097,WH004,receipt,22,PO12290,Restock
MOV00001626,2026-04-01,SKU01215,WH001,receipt,77,PO47200,Restock
MOV00001627,2026-04-01,SKU01127,WH002,receipt,63,PO31358,Restock
MOV00001628,2026-04-01,SKU01008,WH001,receipt,99,PO51472,Restock
MOV00001629,2026-04-01,SKU01245,WH001,receipt,29,PO56070,Restock
MOV00001630,2026-04-01,SKU01028,WH004,adjustment,-2,ADJ1561,Cycle count adjustment
MOV00001631,2026-04-01,SKU01073,WH003,adjustment,1,ADJ2747,Cycle count adjustment
MOV00001632,2026-04-01,SKU01099,WH001,adjustment,-2,ADJ5654,Cycle count adjustment
